key,context,en,de,es,fr,it,pt-br,ja,ko,zh-hans,zh-hant
legal.fan_content.description,Meta description | Fan Content Policy page,Guidelines for creating and sharing unofficial fan content based on Sushi Ben.,Richtlinien für die Erstellung und Weitergabe inoffizieller Fan-Inhalte auf Grundlage von Sushi Ben.,Directrices para crear y compartir contenido de fans no oficial basado en Sushi Ben.,Lignes directrices pour la création et le partage de contenu de fans non officiel basé sur Sushi Ben.,Linee guida per la creazione e la condivisione di contenuti dei fan non ufficiali basati su Sushi Ben.,Diretrizes para criar e compartilhar conteúdo de fãs não oficial baseado em Sushi Ben.,Sushi Ben に基づく非公式ファンコンテンツの作成および共有に関するガイドラインです。,Sushi Ben을 기반으로 한 비공식 팬 콘텐츠의 제작 및 공유에 관한 지침입니다.,关于创作和分享基于 Sushi Ben 的非官方粉丝内容的指导方针。,關於創作與分享基於 Sushi Ben 的非官方粉絲內容之指引。
legal.fan_content.title,Page title | Fan Content Policy page,Fan Content Policy,Richtlinie für Fan-Inhalte,Política de Contenido de Fans,Politique relative au contenu de fans,Informativa sui contenuti dei fan,Política de Conteúdo de Fãs,ファンコンテンツポリシー,팬 콘텐츠 정책,粉丝内容政策,粉絲內容政策
legal.fan_content.body,Legal body | Fan Content Policy page,"FAN CONTENT POLICY

Last Updated: August 3, 2026

Notice: This document may be translated into multiple languages for convenience. Translations may be generated automatically and may contain inaccuracies. The legally binding English version is available at:
https://www.sushiben.com/en/fan-content
In the event of any inconsistency, ambiguity, or discrepancy, the English version shall prevail.

1. Scope

This Fan Content Policy (“Policy”) governs the creation and sharing of unofficial fan content based on Sushi Ben and related intellectual property owned or controlled by Big Brane Studios, Inc. (“Big Brane,” “we,” “us,” or “our”).

We appreciate the creativity of our community and want to support fan expression within clear and reasonable guidelines. By relying on permissions granted under this Policy, you agree to comply with it.

2. Definitions

2.1. “Sushi Ben IP” means intellectual property owned or controlled by Big Brane relating to Sushi Ben, including characters, names, locations, story elements, artwork, music, audio, video, logos, and other proprietary content.

2.2. “Fan Content” means original, unofficial content created by you that is based on or incorporates Sushi Ben IP, including artwork, fan fiction, cosplay, videos, livestreams, gameplay clips, and similar creative works.

3. Eligibility and License Grant

3.1. You may rely on the permissions granted by this Policy only if you are at least 18 years old and have reached the age of legal majority where you live.

3.2. Subject to your compliance with this Policy, Big Brane grants you a limited, personal, non-exclusive, revocable, non-transferable, and non-sublicensable license to create and share Fan Content based on Sushi Ben IP.

3.3. You may grant an online platform only those rights reasonably necessary under its standard terms to host, display, distribute, or monetize Fan Content permitted by this Policy.

3.4. This Policy does not transfer any ownership rights in Sushi Ben IP.

3.5. This Policy grants permission in addition to rights you may independently have under applicable law. It does not restrict or eliminate fair use or other statutory exceptions or limitations.

3.6. This Policy applies only to intellectual property that Big Brane owns or controls and has authority to license. It does not grant rights in third-party material. You are responsible for obtaining any necessary third-party permissions. Material that appears incidentally during ordinary gameplay recordings remains subject to the rights and rules of its applicable owner and platform.

4. Permitted Uses

Subject to the restrictions in this Policy, you may:

4.1. Create and share Fan Content.

4.2. Livestream or otherwise publicly display Sushi Ben on platforms such as Twitch, YouTube, or similar services.

4.3. Upload gameplay videos, clips, recordings, screenshots, or similar content to platforms such as YouTube, TikTok, Twitch, or similar services.

4.4. Earn revenue from permitted Fan Content through:
- platform advertising or partner-program revenue;
- subscriptions, donations, channel memberships, or services such as Patreon;
- sponsored videos or streams and affiliate links;
- paid commissions for original fan artwork or similar original Fan Content; and
- sales of individually handmade, one-of-a-kind Fan Content items.

4.5. Sponsorships, affiliate relationships, and other commercial relationships must be disclosed as required by applicable law and platform rules. They must not be presented as relationships with or endorsements by Big Brane.

4.6. Commissioned or handmade Fan Content must be your original creative work and must not consist primarily of copied or extracted Sushi Ben assets.

4.7. All Fan Content must make clear that it is unofficial and is not created by, affiliated with, sponsored by, approved by, or endorsed by Big Brane.

5. Restrictions

Except as expressly permitted by Section 4, you may not:

5.1. Sell, license, or otherwise commercially exploit Fan Content or Sushi Ben IP.

5.2. Mass-produce, manufacture through third parties, use print-on-demand services for, wholesale, or commercially distribute substantially identical products using Sushi Ben IP, or maintain a recurring product line using Sushi Ben IP.

5.3. Use crowdfunding to finance the creation, manufacture, or distribution of a product or other use prohibited by this Policy. This does not prohibit memberships, donations, or creator-support services permitted by Section 4.4.

5.4. Create or distribute games, mods, applications, software, interactive experiences, or modified builds using Sushi Ben IP without Big Brane’s prior written permission.

5.5. Extract, distribute, or provide access to standalone or substantially unmodified game assets, including models, textures, artwork, music, audio, dialogue, video, cutscenes, scripts, code, or other game files. This restriction does not prohibit ordinary gameplay recordings, screenshots, commentary, reviews, or other transformative Fan Content permitted by this Policy.

5.6. Disclose, distribute, or use leaked, data-mined, confidential, or unreleased Sushi Ben material that Big Brane has not officially made public.

5.7. Represent or imply that Fan Content is official, created, approved, sponsored, endorsed by, or affiliated with Big Brane.

5.8. Use Sushi Ben IP as or as part of a business name, product or service name, domain name, application name, social-media account name, or other identifier in a manner likely to cause confusion about its source, sponsorship, or affiliation.

5.9. Use Sushi Ben IP in connection with content that is unlawful, defamatory, hateful, discriminatory, harassing, exploitative, or otherwise harmful to individuals or groups.

5.10. Use Sushi Ben IP in a way that could reasonably damage the reputation of Sushi Ben or Big Brane, including through pornographic, sexually exploitative, grossly offensive, deceptive, or misleading depictions.

5.11. Use Sushi Ben IP to promote, oppose, or express support for any political party, candidate, government, political movement, religious organization, religious doctrine, or religious message.

5.12. Use Sushi Ben IP in connection with NFTs, cryptocurrencies, blockchain-based assets, or similar technologies.

5.13. Use Sushi Ben IP to promote piracy, cheats, unauthorized access, circumvention of security measures, or other misuse of Sushi Ben or its services.

6. Required Disclaimer

6.1. Where reasonably practicable, publicly shared Fan Content must include the following disclaimer in its description, credits, accompanying text, profile, or another reasonably visible location:

“Sushi Ben is property of Big Brane Studios, Inc. This is unofficial fan content and is not created by, affiliated with, sponsored by, or endorsed by Big Brane Studios.”

6.2. If a platform or format does not reasonably permit the full disclaimer, you must still make the unofficial nature of the Fan Content clear.

7. Ownership and Responsibility

7.1. You retain ownership of your original contributions to your Fan Content.

7.2. Big Brane retains all rights, title, and interest in and to Sushi Ben IP.

7.3. You are responsible for your Fan Content, your compliance with applicable laws and platform rules, and obtaining permission for any third-party material you use.

7.4. By publicly sharing Fan Content, you grant Big Brane a non-exclusive, worldwide, royalty-free license to reproduce, display, distribute, repost, and make reasonable formatting adaptations to that Fan Content solely to promote Sushi Ben, Big Brane, and the Sushi Ben community. Big Brane may allow its contractors and online platforms to exercise these rights only as necessary for those purposes.

7.5. The license in Section 7.4 does not permit Big Brane to sell your Fan Content as a standalone product or place it on merchandise without your separate permission. Big Brane will provide attribution where reasonably practicable.

7.6. You may ask Big Brane to stop new promotional uses of your Fan Content by contacting us. Big Brane will make reasonable efforts to honor the request, but it is not required to recall, destroy, or remove materials already produced, distributed, or published.

8. Enforcement and Termination

8.1. Big Brane may request removal or modification of Fan Content, revoke permissions granted under this Policy, disable access where available, or take legal action where appropriate.

8.2. When a violation can reasonably be corrected and does not present an urgent legal, safety, reputational, or third-party concern, Big Brane may provide a reasonable opportunity to correct it.

8.3. Big Brane may act immediately when it reasonably believes Fan Content is unlawful, infringing, harmful, misleading as to official affiliation, or otherwise presents an urgent concern.

8.4. After receiving notice that permission has been revoked for particular Fan Content, you must stop creating or distributing the affected content and remove or modify it within the period stated in the notice.

8.5. Revocation of permission under this Policy does not affect rights that cannot lawfully be restricted, including applicable fair-use rights.

9. Changes to This Policy

9.1. We may update this Policy from time to time. A revised Policy becomes effective when posted with a new “Last Updated” date.

9.2. Material changes apply prospectively. Where reasonably practicable, Big Brane will provide a reasonable period for existing Fan Content to be brought into compliance.

10. Governing Law and Miscellaneous

10.1. This Policy is governed by the laws of the Commonwealth of Virginia, United States, excluding its conflict-of-laws rules, except where mandatory local law provides otherwise.

10.2. Except where prohibited by applicable law, legal actions arising from this Policy must be brought in the state courts located in Loudoun County, Virginia, or the United States District Court for the Eastern District of Virginia, Alexandria Division. You consent to the jurisdiction and venue of those courts.

10.3. If any provision of this Policy is invalid or unenforceable, the remaining provisions remain in effect.

10.4. Big Brane’s failure to enforce a provision is not a waiver of its right to enforce that provision later.

10.5. Any exception to this Policy must be authorized by Big Brane in writing. A separate written agreement between you and Big Brane controls to the extent it conflicts with this Policy.

11. Contact Us

If you have questions about this Policy, want to request permission for a use not covered by it, or want Big Brane to stop new promotional uses of your Fan Content, please contact:
legal@bigbranestudios.com

12. Language

The English version of this Policy is the only legally binding version. Translations are provided for convenience only. In the event of any inconsistency, ambiguity, or conflict between a translated version and the English version, the English version shall prevail.","RICHTLINIE FÜR FAN-INHALTE

Zuletzt aktualisiert: 3. August 2026

Hinweis: Dieses Dokument kann der besseren Verständlichkeit halber in mehrere Sprachen übersetzt werden. Übersetzungen können automatisch erstellt werden und Ungenauigkeiten enthalten. Die rechtsverbindliche englische Fassung ist verfügbar unter:
https://www.sushiben.com/en/fan-content
Bei Widersprüchen, Mehrdeutigkeiten oder Abweichungen ist die englische Fassung maßgeblich.

1. Geltungsbereich

Diese Richtlinie für Fan-Inhalte („Richtlinie“) regelt die Erstellung und Weitergabe inoffizieller Fan-Inhalte, die auf Sushi Ben und damit verbundenem geistigem Eigentum beruhen, das Big Brane Studios, Inc. („Big Brane“, „wir“, „uns“ oder „unser“) gehört oder von Big Brane kontrolliert wird.

Wir schätzen die Kreativität unserer Community und möchten den kreativen Ausdruck von Fans innerhalb klarer und angemessener Regeln unterstützen. Wenn Sie sich auf die nach dieser Richtlinie gewährten Erlaubnisse berufen, erklären Sie sich mit ihrer Einhaltung einverstanden.

2. Begriffsbestimmungen

2.1. „Sushi-Ben-IP“ bezeichnet geistiges Eigentum, das Big Brane gehört oder von Big Brane kontrolliert wird und mit Sushi Ben zusammenhängt, darunter Figuren, Namen, Orte, Handlungselemente, Grafiken, Musik, Audio, Video, Logos und andere geschützte Inhalte.

2.2. „Fan-Inhalte“ bezeichnet von Ihnen erstellte, eigenständige und inoffizielle Inhalte, die auf Sushi-Ben-IP beruhen oder diese enthalten, darunter Fan-Kunst, Fan-Fiction, Cosplay, Videos, Livestreams, Gameplay-Clips und ähnliche kreative Werke.

3. Berechtigung und Lizenzerteilung

3.1. Sie dürfen sich nur auf die nach dieser Richtlinie gewährten Erlaubnisse berufen, wenn Sie mindestens 18 Jahre alt sind und an Ihrem Wohnort die gesetzliche Volljährigkeit erreicht haben.

3.2. Vorbehaltlich Ihrer Einhaltung dieser Richtlinie gewährt Big Brane Ihnen eine beschränkte, persönliche, nicht ausschließliche, widerrufliche, nicht übertragbare und nicht unterlizenzierbare Lizenz zur Erstellung und Weitergabe von Fan-Inhalten auf Grundlage der Sushi-Ben-IP.

3.3. Sie dürfen einer Online-Plattform ausschließlich diejenigen Rechte einräumen, die nach deren Standardbedingungen angemessenerweise erforderlich sind, um nach dieser Richtlinie zulässige Fan-Inhalte zu hosten, anzuzeigen, zu verbreiten oder zu monetarisieren.

3.4. Diese Richtlinie überträgt keine Eigentumsrechte an der Sushi-Ben-IP.

3.5. Diese Richtlinie gewährt Erlaubnisse zusätzlich zu Rechten, die Ihnen nach geltendem Recht unabhängig davon zustehen können. Sie beschränkt oder beseitigt weder Fair Use noch andere gesetzliche Ausnahmen oder Beschränkungen.

3.6. Diese Richtlinie gilt nur für geistiges Eigentum, das Big Brane gehört oder von Big Brane kontrolliert wird und das Big Brane lizenzieren darf. Sie gewährt keine Rechte an Materialien Dritter. Sie sind dafür verantwortlich, alle erforderlichen Genehmigungen Dritter einzuholen. Materialien, die bei gewöhnlichen Gameplay-Aufnahmen lediglich beiläufig erscheinen, unterliegen weiterhin den Rechten und Regeln des jeweiligen Eigentümers und der jeweiligen Plattform.

4. Zulässige Nutzungen

Vorbehaltlich der Einschränkungen dieser Richtlinie dürfen Sie:

4.1. Fan-Inhalte erstellen und weitergeben.

4.2. Sushi Ben auf Plattformen wie Twitch, YouTube oder vergleichbaren Diensten livestreamen oder anderweitig öffentlich zeigen.

4.3. Gameplay-Videos, Clips, Aufnahmen, Screenshots oder ähnliche Inhalte auf Plattformen wie YouTube, TikTok, Twitch oder vergleichbaren Diensten hochladen.

4.4. Mit zulässigen Fan-Inhalten Einnahmen erzielen durch:
- Plattformwerbung oder Einnahmen aus Partnerprogrammen;
- Abonnements, Spenden, Kanalmitgliedschaften oder Dienste wie Patreon;
- gesponserte Videos oder Streams sowie Affiliate-Links;
- bezahlte Aufträge für eigenständige Fan-Kunst oder ähnliche eigenständige Fan-Inhalte; und
- den Verkauf einzeln handgefertigter Unikate mit Fan-Inhalten.

4.5. Sponsorings, Affiliate-Beziehungen und andere geschäftliche Beziehungen müssen entsprechend dem geltenden Recht und den Plattformregeln offengelegt werden. Sie dürfen nicht als Beziehungen zu oder Empfehlungen durch Big Brane dargestellt werden.

4.6. Im Auftrag erstellte oder handgefertigte Fan-Inhalte müssen Ihr eigenes kreatives Werk sein und dürfen nicht hauptsächlich aus kopierten oder extrahierten Sushi-Ben-Assets bestehen.

4.7. Alle Fan-Inhalte müssen eindeutig erkennen lassen, dass sie inoffiziell sind und weder von Big Brane erstellt noch mit Big Brane verbunden, von Big Brane gesponsert, genehmigt oder unterstützt werden.

5. Einschränkungen

Soweit nicht in Abschnitt 4 ausdrücklich gestattet, dürfen Sie nicht:

5.1. Fan-Inhalte oder Sushi-Ben-IP verkaufen, lizenzieren oder anderweitig kommerziell verwerten.

5.2. Im Wesentlichen gleichartige Produkte unter Verwendung von Sushi-Ben-IP massenproduzieren, durch Dritte herstellen lassen, über Print-on-Demand-Dienste anbieten, im Großhandel vertreiben oder kommerziell verbreiten oder eine wiederkehrende Produktlinie unter Verwendung von Sushi-Ben-IP führen.

5.3. Crowdfunding zur Finanzierung der Erstellung, Herstellung oder Verbreitung eines Produkts oder einer anderen nach dieser Richtlinie untersagten Nutzung einsetzen. Mitgliedschaften, Spenden oder Dienste zur Unterstützung von Kreativen, die nach Abschnitt 4.4 zulässig sind, bleiben davon unberührt.

5.4. Ohne vorherige schriftliche Genehmigung von Big Brane Spiele, Mods, Anwendungen, Software, interaktive Erlebnisse oder veränderte Builds unter Verwendung von Sushi-Ben-IP erstellen oder verbreiten.

5.5. Eigenständige oder im Wesentlichen unveränderte Spiel-Assets extrahieren, verbreiten oder zugänglich machen, darunter Modelle, Texturen, Grafiken, Musik, Audio, Dialoge, Videos, Zwischensequenzen, Skripte, Code oder andere Spieldateien. Gewöhnliche Gameplay-Aufnahmen, Screenshots, Kommentare, Rezensionen oder andere nach dieser Richtlinie zulässige transformative Fan-Inhalte bleiben erlaubt.

5.6. Geleakte, durch Data-Mining erlangte, vertrauliche oder unveröffentlichte Sushi-Ben-Materialien, die Big Brane nicht offiziell veröffentlicht hat, offenlegen, verbreiten oder verwenden.

5.7. Fan-Inhalte als offiziell, von Big Brane erstellt, genehmigt, gesponsert, unterstützt oder mit Big Brane verbunden darstellen oder einen solchen Eindruck erwecken.

5.8. Sushi-Ben-IP als oder als Bestandteil eines Unternehmensnamens, Produkt- oder Dienstleistungsnamens, Domainnamens, Anwendungsnamens, Namens eines Social-Media-Kontos oder eines anderen Kennzeichens in einer Weise verwenden, die wahrscheinlich Verwirrung über Herkunft, Sponsoring oder Verbindung hervorruft.

5.9. Sushi-Ben-IP in Verbindung mit rechtswidrigen, verleumderischen, hasserfüllten, diskriminierenden, belästigenden, ausbeuterischen oder anderweitig für Einzelpersonen oder Gruppen schädlichen Inhalten verwenden.

5.10. Sushi-Ben-IP in einer Weise verwenden, die dem Ruf von Sushi Ben oder Big Brane vernünftigerweise schaden könnte, darunter pornografische, sexuell ausbeuterische, grob anstößige, täuschende oder irreführende Darstellungen.

5.11. Sushi-Ben-IP verwenden, um eine politische Partei, einen Kandidaten, eine Regierung, eine politische Bewegung, eine religiöse Organisation, eine religiöse Lehre oder eine religiöse Botschaft zu fördern, abzulehnen oder Unterstützung dafür auszudrücken.

5.12. Sushi-Ben-IP in Verbindung mit NFTs, Kryptowährungen, blockchainbasierten Vermögenswerten oder ähnlichen Technologien verwenden.

5.13. Sushi-Ben-IP verwenden, um Piraterie, Cheats, unbefugten Zugriff, die Umgehung von Sicherheitsmaßnahmen oder einen sonstigen Missbrauch von Sushi Ben oder seinen Diensten zu fördern.

6. Erforderlicher Hinweis

6.1. Soweit angemessenerweise praktikabel, müssen öffentlich geteilte Fan-Inhalte den folgenden Hinweis in ihrer Beschreibung, den Credits, dem Begleittext, dem Profil oder an einer anderen angemessen sichtbaren Stelle enthalten:

„Sushi Ben ist Eigentum von Big Brane Studios, Inc. Dies sind inoffizielle Fan-Inhalte, die weder von Big Brane Studios erstellt noch mit Big Brane Studios verbunden, von Big Brane Studios gesponsert oder unterstützt werden.“

6.2. Wenn eine Plattform oder ein Format den vollständigen Hinweis vernünftigerweise nicht zulässt, müssen Sie dennoch eindeutig auf den inoffiziellen Charakter der Fan-Inhalte hinweisen.

7. Eigentum und Verantwortung

7.1. Sie behalten das Eigentum an Ihren eigenen Beiträgen zu Ihren Fan-Inhalten.

7.2. Big Brane behält sämtliche Rechte, Eigentumsrechte und Ansprüche an der Sushi-Ben-IP.

7.3. Sie sind für Ihre Fan-Inhalte, die Einhaltung geltender Gesetze und Plattformregeln sowie die Einholung von Genehmigungen für verwendete Materialien Dritter verantwortlich.

7.4. Durch die öffentliche Weitergabe von Fan-Inhalten gewähren Sie Big Brane eine nicht ausschließliche, weltweite und gebührenfreie Lizenz, diese Fan-Inhalte ausschließlich zur Werbung für Sushi Ben, Big Brane und die Sushi-Ben-Community zu vervielfältigen, anzuzeigen, zu verbreiten, erneut zu veröffentlichen und in angemessener Weise an das jeweilige Format anzupassen. Big Brane darf seinen Auftragnehmern und Online-Plattformen die Ausübung dieser Rechte nur gestatten, soweit dies für diese Zwecke erforderlich ist.

7.5. Die Lizenz nach Abschnitt 7.4 gestattet Big Brane nicht, Ihre Fan-Inhalte ohne Ihre gesonderte Genehmigung als eigenständiges Produkt zu verkaufen oder auf Handelswaren anzubringen. Big Brane nennt Sie als Urheber, soweit dies angemessenerweise praktikabel ist.

7.6. Sie können Big Brane kontaktieren und darum bitten, neue Werbenutzungen Ihrer Fan-Inhalte einzustellen. Big Brane wird angemessene Anstrengungen unternehmen, der Bitte nachzukommen, ist jedoch nicht verpflichtet, bereits produzierte, verbreitete oder veröffentlichte Materialien zurückzurufen, zu vernichten oder zu entfernen.

8. Durchsetzung und Beendigung

8.1. Big Brane kann die Entfernung oder Änderung von Fan-Inhalten verlangen, nach dieser Richtlinie gewährte Erlaubnisse widerrufen, den Zugang deaktivieren, soweit dies möglich ist, oder gegebenenfalls rechtliche Schritte einleiten.

8.2. Wenn ein Verstoß vernünftigerweise behoben werden kann und keine dringende rechtliche, sicherheitsbezogene, rufschädigende oder Dritte betreffende Angelegenheit darstellt, kann Big Brane eine angemessene Gelegenheit zur Behebung einräumen.

8.3. Big Brane kann unverzüglich handeln, wenn es vernünftigerweise davon ausgeht, dass Fan-Inhalte rechtswidrig, verletzend, schädlich oder hinsichtlich einer offiziellen Verbindung irreführend sind oder anderweitig ein dringendes Problem darstellen.

8.4. Nachdem Sie darüber informiert wurden, dass die Erlaubnis für bestimmte Fan-Inhalte widerrufen wurde, müssen Sie die Erstellung oder Verbreitung der betroffenen Inhalte einstellen und sie innerhalb der in der Mitteilung angegebenen Frist entfernen oder ändern.

8.5. Der Widerruf einer Erlaubnis nach dieser Richtlinie berührt keine Rechte, die rechtlich nicht beschränkt werden dürfen, einschließlich anwendbarer Fair-Use-Rechte.

9. Änderungen dieser Richtlinie

9.1. Wir können diese Richtlinie von Zeit zu Zeit aktualisieren. Eine überarbeitete Richtlinie tritt mit ihrer Veröffentlichung und einem neuen Datum unter „Zuletzt aktualisiert“ in Kraft.

9.2. Wesentliche Änderungen gelten für die Zukunft. Soweit angemessenerweise praktikabel, räumt Big Brane eine angemessene Frist ein, um bestehende Fan-Inhalte mit der geänderten Richtlinie in Einklang zu bringen.

10. Geltendes Recht und Sonstiges

10.1. Diese Richtlinie unterliegt dem Recht des Commonwealth of Virginia, Vereinigte Staaten, unter Ausschluss seiner Kollisionsnormen, soweit nicht zwingendes lokales Recht etwas anderes vorschreibt.

10.2. Soweit nach geltendem Recht zulässig, müssen Rechtsstreitigkeiten aus dieser Richtlinie vor den staatlichen Gerichten in Loudoun County, Virginia, oder vor dem United States District Court for the Eastern District of Virginia, Alexandria Division, geführt werden. Sie stimmen der Zuständigkeit und dem Gerichtsstand dieser Gerichte zu.

10.3. Sollte eine Bestimmung dieser Richtlinie unwirksam oder nicht durchsetzbar sein, bleiben die übrigen Bestimmungen in Kraft.

10.4. Unterlässt Big Brane die Durchsetzung einer Bestimmung, stellt dies keinen Verzicht auf das Recht dar, diese Bestimmung später durchzusetzen.

10.5. Ausnahmen von dieser Richtlinie müssen von Big Brane schriftlich genehmigt werden. Eine gesonderte schriftliche Vereinbarung zwischen Ihnen und Big Brane ist maßgeblich, soweit sie dieser Richtlinie widerspricht.

11. Kontakt

Wenn Sie Fragen zu dieser Richtlinie haben, eine Genehmigung für eine nicht davon erfasste Nutzung beantragen oder Big Brane auffordern möchten, neue Werbenutzungen Ihrer Fan-Inhalte einzustellen, wenden Sie sich bitte an:
legal@bigbranestudios.com

12. Sprache

Die englische Fassung dieser Richtlinie ist die einzige rechtsverbindliche Fassung. Übersetzungen dienen lediglich der besseren Verständlichkeit. Bei Widersprüchen, Mehrdeutigkeiten oder Abweichungen zwischen einer Übersetzung und der englischen Fassung ist die englische Fassung maßgeblich.","POLÍTICA DE CONTENIDO DE FANS

Última actualización: 3 de agosto de 2026

Aviso: Este documento puede traducirse a varios idiomas por comodidad. Las traducciones pueden generarse automáticamente y contener imprecisiones. La versión en inglés jurídicamente vinculante está disponible en:
https://www.sushiben.com/en/fan-content
En caso de contradicción, ambigüedad o discrepancia, prevalecerá la versión en inglés.

1. Alcance

Esta Política de Contenido de Fans («Política») regula la creación y difusión de contenido de fans no oficial basado en Sushi Ben y en la propiedad intelectual relacionada que sea propiedad o esté bajo el control de Big Brane Studios, Inc. («Big Brane», «nosotros», «nos» o «nuestro»).

Valoramos la creatividad de nuestra comunidad y queremos apoyar la expresión de los fans mediante normas claras y razonables. Al acogerse a los permisos concedidos en virtud de esta Política, usted acepta cumplirla.

2. Definiciones

2.1. «PI de Sushi Ben» significa la propiedad intelectual que sea propiedad o esté bajo el control de Big Brane relacionada con Sushi Ben, incluidos personajes, nombres, lugares, elementos narrativos, ilustraciones, música, audio, vídeo, logotipos y otros contenidos protegidos.

2.2. «Contenido de Fans» significa contenido original y no oficial creado por usted que se base en la PI de Sushi Ben o la incorpore, incluidas ilustraciones, ficción de fans, cosplay, vídeos, transmisiones en directo, clips de partidas y otras obras creativas similares.

3. Requisitos y concesión de licencia

3.1. Solo podrá acogerse a los permisos concedidos por esta Política si tiene al menos 18 años y ha alcanzado la mayoría de edad legal en su lugar de residencia.

3.2. Sujeto al cumplimiento de esta Política, Big Brane le concede una licencia limitada, personal, no exclusiva, revocable, intransferible y no sublicenciable para crear y compartir Contenido de Fans basado en la PI de Sushi Ben.

3.3. Solo podrá conceder a una plataforma en línea los derechos razonablemente necesarios conforme a sus condiciones estándar para alojar, mostrar, distribuir o monetizar el Contenido de Fans permitido por esta Política.

3.4. Esta Política no transfiere ningún derecho de propiedad sobre la PI de Sushi Ben.

3.5. Esta Política concede permisos adicionales a los derechos que usted pueda tener de forma independiente conforme a la legislación aplicable. No restringe ni elimina el uso legítimo («fair use») ni otras excepciones o limitaciones legales.

3.6. Esta Política solo se aplica a la propiedad intelectual que Big Brane posea o controle y esté facultada para licenciar. No concede derechos sobre materiales de terceros. Usted es responsable de obtener todos los permisos necesarios de terceros. Los materiales que aparezcan incidentalmente en grabaciones normales de partidas seguirán sujetos a los derechos y normas de su respectivo propietario y plataforma.

4. Usos permitidos

Sujeto a las restricciones de esta Política, usted puede:

4.1. Crear y compartir Contenido de Fans.

4.2. Transmitir en directo o mostrar públicamente Sushi Ben en plataformas como Twitch, YouTube o servicios similares.

4.3. Subir vídeos de partidas, clips, grabaciones, capturas de pantalla o contenidos similares a plataformas como YouTube, TikTok, Twitch o servicios similares.

4.4. Obtener ingresos de Contenido de Fans permitido mediante:
- publicidad de plataformas o ingresos de programas de socios;
- suscripciones, donaciones, membresías de canales o servicios como Patreon;
- vídeos o transmisiones patrocinados y enlaces de afiliados;
- encargos remunerados de ilustraciones originales de fans u otro Contenido de Fans original similar; y
- venta de artículos de Contenido de Fans únicos, elaborados individualmente a mano.

4.5. Los patrocinios, relaciones de afiliación y demás relaciones comerciales deberán divulgarse según lo exijan la legislación aplicable y las normas de la plataforma. No podrán presentarse como relaciones con Big Brane ni como recomendaciones de Big Brane.

4.6. El Contenido de Fans realizado por encargo o a mano deberá ser una obra creativa original suya y no podrá consistir principalmente en recursos de Sushi Ben copiados o extraídos.

4.7. Todo Contenido de Fans deberá dejar claro que no es oficial y que no ha sido creado, afiliado, patrocinado, aprobado ni respaldado por Big Brane.

5. Restricciones

Salvo lo expresamente permitido en la Sección 4, usted no puede:

5.1. Vender, licenciar ni explotar comercialmente de cualquier otro modo el Contenido de Fans o la PI de Sushi Ben.

5.2. Producir en masa, encargar a terceros la fabricación, utilizar servicios de impresión bajo demanda, vender al por mayor o distribuir comercialmente productos sustancialmente idénticos que utilicen la PI de Sushi Ben, ni mantener una línea recurrente de productos que utilicen la PI de Sushi Ben.

5.3. Utilizar financiación colectiva para financiar la creación, fabricación o distribución de un producto u otro uso prohibido por esta Política. Esto no prohíbe las membresías, donaciones ni servicios de apoyo a creadores permitidos por la Sección 4.4.

5.4. Crear o distribuir juegos, mods, aplicaciones, software, experiencias interactivas o versiones modificadas que utilicen la PI de Sushi Ben sin el permiso previo y por escrito de Big Brane.

5.5. Extraer, distribuir o facilitar acceso a recursos independientes o sustancialmente sin modificar del juego, incluidos modelos, texturas, ilustraciones, música, audio, diálogos, vídeos, escenas cinemáticas, scripts, código u otros archivos del juego. Esta restricción no prohíbe grabaciones normales de partidas, capturas de pantalla, comentarios, reseñas ni otro Contenido de Fans transformador permitido por esta Política.

5.6. Divulgar, distribuir o utilizar material de Sushi Ben filtrado, obtenido mediante minería de datos, confidencial o inédito que Big Brane no haya hecho público oficialmente.

5.7. Representar o dar a entender que el Contenido de Fans es oficial, ha sido creado, aprobado, patrocinado o respaldado por Big Brane, o está afiliado con Big Brane.

5.8. Utilizar la PI de Sushi Ben como nombre comercial, nombre de producto o servicio, nombre de dominio, nombre de aplicación, nombre de cuenta en redes sociales u otro identificador, o como parte de ellos, de una forma que pueda causar confusión sobre su origen, patrocinio o afiliación.

5.9. Utilizar la PI de Sushi Ben en relación con contenido ilícito, difamatorio, que incite al odio, discriminatorio, acosador, explotador o perjudicial de cualquier otro modo para personas o grupos.

5.10. Utilizar la PI de Sushi Ben de una manera que pueda dañar razonablemente la reputación de Sushi Ben o Big Brane, incluidas representaciones pornográficas, sexualmente explotadoras, extremadamente ofensivas, engañosas o confusas.

5.11. Utilizar la PI de Sushi Ben para promover, oponerse o expresar apoyo a cualquier partido político, candidato, gobierno, movimiento político, organización religiosa, doctrina religiosa o mensaje religioso.

5.12. Utilizar la PI de Sushi Ben en relación con NFT, criptomonedas, activos basados en cadenas de bloques o tecnologías similares.

5.13. Utilizar la PI de Sushi Ben para promover la piratería, trampas, acceso no autorizado, elusión de medidas de seguridad u otro uso indebido de Sushi Ben o sus servicios.

6. Aviso obligatorio

6.1. Siempre que sea razonablemente posible, el Contenido de Fans compartido públicamente deberá incluir el siguiente aviso en su descripción, créditos, texto adjunto, perfil u otro lugar razonablemente visible:

«Sushi Ben es propiedad de Big Brane Studios, Inc. Este es contenido de fans no oficial y no ha sido creado, afiliado, patrocinado ni respaldado por Big Brane Studios».

6.2. Si una plataforma o formato no permite razonablemente incluir el aviso completo, aun así deberá dejar clara la naturaleza no oficial del Contenido de Fans.

7. Propiedad y responsabilidad

7.1. Usted conserva la propiedad de sus aportaciones originales al Contenido de Fans.

7.2. Big Brane conserva todos los derechos, títulos e intereses sobre la PI de Sushi Ben.

7.3. Usted es responsable de su Contenido de Fans, de cumplir la legislación aplicable y las normas de las plataformas, y de obtener permiso para cualquier material de terceros que utilice.

7.4. Al compartir públicamente Contenido de Fans, concede a Big Brane una licencia no exclusiva, mundial y libre de regalías para reproducir, mostrar, distribuir, volver a publicar y realizar adaptaciones razonables de formato de dicho Contenido de Fans únicamente para promocionar Sushi Ben, Big Brane y la comunidad de Sushi Ben. Big Brane solo podrá permitir que sus contratistas y plataformas en línea ejerzan estos derechos cuando sea necesario para esos fines.

7.5. La licencia de la Sección 7.4 no permite a Big Brane vender su Contenido de Fans como producto independiente ni incorporarlo a mercancía sin su permiso por separado. Big Brane proporcionará atribución cuando sea razonablemente posible.

7.6. Puede solicitar a Big Brane que deje de realizar nuevos usos promocionales de su Contenido de Fans poniéndose en contacto con nosotros. Big Brane hará esfuerzos razonables para atender la solicitud, pero no estará obligada a retirar, destruir ni eliminar materiales ya producidos, distribuidos o publicados.

8. Aplicación y terminación

8.1. Big Brane podrá solicitar la eliminación o modificación de Contenido de Fans, revocar los permisos concedidos por esta Política, deshabilitar el acceso cuando sea posible o emprender acciones legales cuando corresponda.

8.2. Cuando una infracción pueda corregirse razonablemente y no plantee una preocupación jurídica, de seguridad, reputacional, urgente o relacionada con terceros, Big Brane podrá ofrecer una oportunidad razonable para corregirla.

8.3. Big Brane podrá actuar inmediatamente cuando considere razonablemente que el Contenido de Fans es ilícito, infractor, perjudicial, engañoso en cuanto a una afiliación oficial o que plantea otra preocupación urgente.

8.4. Tras recibir aviso de que se ha revocado el permiso para determinado Contenido de Fans, deberá dejar de crear o distribuir el contenido afectado y eliminarlo o modificarlo dentro del plazo indicado en el aviso.

8.5. La revocación del permiso conforme a esta Política no afecta a derechos que legalmente no puedan restringirse, incluidos los derechos de uso legítimo aplicables.

9. Cambios en esta Política

9.1. Podemos actualizar esta Política ocasionalmente. La Política revisada entrará en vigor cuando se publique con una nueva fecha de «Última actualización».

9.2. Los cambios sustanciales se aplicarán de forma prospectiva. Siempre que sea razonablemente posible, Big Brane concederá un plazo razonable para adaptar el Contenido de Fans existente.

10. Legislación aplicable y disposiciones generales

10.1. Esta Política se rige por las leyes de la Mancomunidad de Virginia, Estados Unidos, excluidas sus normas sobre conflicto de leyes, salvo cuando la legislación local imperativa disponga lo contrario.

10.2. Salvo cuando lo prohíba la legislación aplicable, las acciones legales derivadas de esta Política deberán presentarse ante los tribunales estatales del condado de Loudoun, Virginia, o ante el Tribunal de Distrito de los Estados Unidos para el Distrito Este de Virginia, División de Alexandria. Usted acepta la jurisdicción y competencia territorial de dichos tribunales.

10.3. Si alguna disposición de esta Política fuera inválida o inaplicable, las disposiciones restantes seguirán en vigor.

10.4. El hecho de que Big Brane no haga cumplir una disposición no supone renunciar a su derecho a hacerla cumplir posteriormente.

10.5. Toda excepción a esta Política deberá ser autorizada por escrito por Big Brane. Cualquier acuerdo escrito independiente entre usted y Big Brane prevalecerá en la medida en que entre en conflicto con esta Política.

11. Contacto

Si tiene preguntas sobre esta Política, desea solicitar permiso para un uso no cubierto por ella o quiere pedir a Big Brane que deje de realizar nuevos usos promocionales de su Contenido de Fans, póngase en contacto con:
legal@bigbranestudios.com

12. Idioma

La versión en inglés de esta Política es la única jurídicamente vinculante. Las traducciones se proporcionan únicamente por comodidad. En caso de contradicción, ambigüedad o conflicto entre una traducción y la versión en inglés, prevalecerá la versión en inglés.","POLITIQUE RELATIVE AU CONTENU DE FANS

Dernière mise à jour : 3 août 2026

Avis : Ce document peut être traduit en plusieurs langues à des fins pratiques. Les traductions peuvent être générées automatiquement et contenir des inexactitudes. La version anglaise juridiquement contraignante est disponible à l’adresse suivante :
https://www.sushiben.com/en/fan-content
En cas d’incohérence, d’ambiguïté ou de divergence, la version anglaise prévaut.

1. Portée

La présente Politique relative au Contenu de Fans (« Politique ») régit la création et le partage de contenu de fans non officiel fondé sur Sushi Ben et la propriété intellectuelle connexe détenue ou contrôlée par Big Brane Studios, Inc. (« Big Brane », « nous », « notre » ou « nos »).

Nous apprécions la créativité de notre communauté et souhaitons soutenir l’expression des fans dans le cadre de règles claires et raisonnables. En vous prévalant des autorisations accordées par la présente Politique, vous acceptez de la respecter.

2. Définitions

2.1. « PI de Sushi Ben » désigne la propriété intellectuelle détenue ou contrôlée par Big Brane relativement à Sushi Ben, notamment les personnages, noms, lieux, éléments narratifs, illustrations, musiques, contenus audio et vidéo, logos et autres contenus protégés.

2.2. « Contenu de Fans » désigne tout contenu original et non officiel que vous créez, fondé sur la PI de Sushi Ben ou l’incorporant, notamment les œuvres de fans, fanfictions, cosplays, vidéos, diffusions en direct, extraits de jeu et autres œuvres créatives similaires.

3. Admissibilité et octroi de licence

3.1. Vous ne pouvez vous prévaloir des autorisations accordées par la présente Politique que si vous avez au moins 18 ans et avez atteint l’âge de la majorité légale dans votre lieu de résidence.

3.2. Sous réserve du respect de la présente Politique, Big Brane vous accorde une licence limitée, personnelle, non exclusive, révocable, incessible et ne pouvant faire l’objet d’une sous-licence, afin de créer et de partager du Contenu de Fans fondé sur la PI de Sushi Ben.

3.3. Vous ne pouvez accorder à une plateforme en ligne que les droits raisonnablement nécessaires, selon ses conditions standard, pour héberger, afficher, distribuer ou monétiser le Contenu de Fans autorisé par la présente Politique.

3.4. La présente Politique ne transfère aucun droit de propriété sur la PI de Sushi Ben.

3.5. La présente Politique accorde des autorisations qui s’ajoutent aux droits dont vous pouvez bénéficier indépendamment en vertu de la loi applicable. Elle ne restreint ni ne supprime l’usage loyal (« fair use ») ou les autres exceptions ou limitations légales.

3.6. La présente Politique s’applique uniquement à la propriété intellectuelle que Big Brane détient ou contrôle et qu’elle est habilitée à concéder sous licence. Elle n’accorde aucun droit sur les contenus de tiers. Il vous incombe d’obtenir toutes les autorisations nécessaires auprès des tiers. Les contenus apparaissant accessoirement dans des enregistrements ordinaires de parties restent soumis aux droits et règles de leur propriétaire et de la plateforme concernés.

4. Utilisations autorisées

Sous réserve des restrictions énoncées dans la présente Politique, vous pouvez :

4.1. Créer et partager du Contenu de Fans.

4.2. Diffuser Sushi Ben en direct ou l’afficher publiquement sur des plateformes telles que Twitch, YouTube ou des services similaires.

4.3. Mettre en ligne des vidéos de parties, extraits, enregistrements, captures d’écran ou contenus similaires sur des plateformes telles que YouTube, TikTok, Twitch ou des services similaires.

4.4. Tirer des revenus du Contenu de Fans autorisé par les moyens suivants :
- publicité sur les plateformes ou revenus de programmes partenaires ;
- abonnements, dons, adhésions à une chaîne ou services tels que Patreon ;
- vidéos ou diffusions sponsorisées et liens d’affiliation ;
- commandes rémunérées d’œuvres de fans originales ou de Contenu de Fans original similaire ; et
- vente d’objets de Contenu de Fans uniques, fabriqués individuellement à la main.

4.5. Les sponsorings, relations d’affiliation et autres relations commerciales doivent être divulgués conformément à la loi applicable et aux règles de la plateforme. Ils ne doivent pas être présentés comme des relations avec Big Brane ou des recommandations de Big Brane.

4.6. Le Contenu de Fans réalisé sur commande ou à la main doit être votre propre création originale et ne doit pas être principalement constitué de ressources Sushi Ben copiées ou extraites.

4.7. Tout Contenu de Fans doit indiquer clairement qu’il est non officiel et qu’il n’est ni créé par Big Brane, ni affilié à Big Brane, ni sponsorisé, approuvé ou cautionné par Big Brane.

5. Restrictions

Sauf autorisation expresse prévue à la Section 4, vous ne pouvez pas :

5.1. Vendre, concéder sous licence ou exploiter commercialement de toute autre manière du Contenu de Fans ou la PI de Sushi Ben.

5.2. Produire en série, faire fabriquer par des tiers, recourir à des services d’impression à la demande, vendre en gros ou distribuer commercialement des produits pratiquement identiques utilisant la PI de Sushi Ben, ou maintenir une gamme récurrente de produits utilisant la PI de Sushi Ben.

5.3. Utiliser le financement participatif pour financer la création, la fabrication ou la distribution d’un produit ou toute autre utilisation interdite par la présente Politique. Cette disposition n’interdit pas les adhésions, dons ou services de soutien aux créateurs autorisés par la Section 4.4.

5.4. Créer ou distribuer des jeux, mods, applications, logiciels, expériences interactives ou versions modifiées utilisant la PI de Sushi Ben sans l’autorisation écrite préalable de Big Brane.

5.5. Extraire, distribuer ou rendre accessibles des ressources de jeu autonomes ou pratiquement non modifiées, notamment des modèles, textures, illustrations, musiques, contenus audio, dialogues, vidéos, cinématiques, scripts, code ou autres fichiers du jeu. Cette restriction n’interdit pas les enregistrements ordinaires de parties, captures d’écran, commentaires, critiques ou autres Contenus de Fans transformatifs autorisés par la présente Politique.

5.6. Divulguer, distribuer ou utiliser des contenus Sushi Ben ayant fait l’objet d’une fuite, obtenus par exploration de données, confidentiels ou non publiés que Big Brane n’a pas officiellement rendus publics.

5.7. Présenter ou laisser entendre qu’un Contenu de Fans est officiel, créé, approuvé, sponsorisé ou cautionné par Big Brane, ou affilié à Big Brane.

5.8. Utiliser la PI de Sushi Ben comme nom commercial, nom de produit ou de service, nom de domaine, nom d’application, nom de compte sur les réseaux sociaux ou autre identifiant, ou comme partie de ceux-ci, d’une manière susceptible de créer une confusion quant à sa provenance, son sponsoring ou son affiliation.

5.9. Utiliser la PI de Sushi Ben en lien avec un contenu illégal, diffamatoire, haineux, discriminatoire, harcelant, exploiteur ou autrement préjudiciable à des personnes ou groupes.

5.10. Utiliser la PI de Sushi Ben d’une manière susceptible de nuire raisonnablement à la réputation de Sushi Ben ou de Big Brane, notamment au moyen de représentations pornographiques, d’exploitation sexuelle, extrêmement choquantes, trompeuses ou mensongères.

5.11. Utiliser la PI de Sushi Ben afin de promouvoir, de combattre ou d’exprimer un soutien à un parti politique, un candidat, un gouvernement, un mouvement politique, une organisation religieuse, une doctrine religieuse ou un message religieux.

5.12. Utiliser la PI de Sushi Ben en lien avec des NFT, cryptomonnaies, actifs fondés sur la blockchain ou technologies similaires.

5.13. Utiliser la PI de Sushi Ben afin de promouvoir le piratage, la triche, l’accès non autorisé, le contournement de mesures de sécurité ou toute autre utilisation abusive de Sushi Ben ou de ses services.

6. Mention obligatoire

6.1. Lorsque cela est raisonnablement possible, le Contenu de Fans partagé publiquement doit comporter la mention suivante dans sa description, son générique, son texte d’accompagnement, son profil ou à un autre emplacement raisonnablement visible :

« Sushi Ben est la propriété de Big Brane Studios, Inc. Ceci est un contenu de fans non officiel qui n’est ni créé par Big Brane Studios, ni affilié à Big Brane Studios, ni sponsorisé ou cautionné par Big Brane Studios. »

6.2. Si une plateforme ou un format ne permet pas raisonnablement d’inclure la mention complète, vous devez néanmoins indiquer clairement le caractère non officiel du Contenu de Fans.

7. Propriété et responsabilité

7.1. Vous conservez la propriété de vos contributions originales à votre Contenu de Fans.

7.2. Big Brane conserve l’intégralité des droits, titres et intérêts relatifs à la PI de Sushi Ben.

7.3. Vous êtes responsable de votre Contenu de Fans, du respect des lois applicables et des règles des plateformes, ainsi que de l’obtention des autorisations relatives à tout contenu de tiers que vous utilisez.

7.4. En partageant publiquement du Contenu de Fans, vous accordez à Big Brane une licence non exclusive, mondiale et libre de redevances lui permettant de reproduire, afficher, distribuer, republier et adapter raisonnablement la mise en forme de ce Contenu de Fans, uniquement afin de promouvoir Sushi Ben, Big Brane et la communauté Sushi Ben. Big Brane ne peut permettre à ses prestataires et aux plateformes en ligne d’exercer ces droits que dans la mesure nécessaire à ces fins.

7.5. La licence prévue à la Section 7.4 n’autorise pas Big Brane à vendre votre Contenu de Fans en tant que produit autonome ou à l’apposer sur des produits dérivés sans votre autorisation distincte. Big Brane vous attribuera la qualité d’auteur lorsque cela est raisonnablement possible.

7.6. Vous pouvez demander à Big Brane de cesser toute nouvelle utilisation promotionnelle de votre Contenu de Fans en nous contactant. Big Brane déploiera des efforts raisonnables pour donner suite à cette demande, mais ne sera pas tenue de rappeler, détruire ou supprimer des supports déjà produits, distribués ou publiés.

8. Application et résiliation

8.1. Big Brane peut demander la suppression ou la modification de Contenu de Fans, révoquer les autorisations accordées au titre de la présente Politique, désactiver l’accès lorsque cela est possible ou engager une action en justice lorsque cela est approprié.

8.2. Lorsqu’une violation peut raisonnablement être corrigée et ne présente pas de préoccupation urgente d’ordre juridique, sécuritaire, réputationnel ou concernant un tiers, Big Brane peut accorder une possibilité raisonnable de la corriger.

8.3. Big Brane peut agir immédiatement lorsqu’elle estime raisonnablement que le Contenu de Fans est illégal, contrefaisant, préjudiciable, trompeur quant à une affiliation officielle ou présente une autre préoccupation urgente.

8.4. Après avoir reçu notification de la révocation de l’autorisation concernant un Contenu de Fans donné, vous devez cesser de créer ou de distribuer le contenu concerné et le supprimer ou le modifier dans le délai indiqué dans la notification.

8.5. La révocation d’une autorisation au titre de la présente Politique n’affecte pas les droits qui ne peuvent légalement être restreints, notamment les droits applicables en matière d’usage loyal.

9. Modifications de la présente Politique

9.1. Nous pouvons mettre à jour la présente Politique ponctuellement. Une Politique révisée entre en vigueur dès sa publication avec une nouvelle date de « Dernière mise à jour ».

9.2. Les modifications importantes s’appliquent pour l’avenir. Lorsque cela est raisonnablement possible, Big Brane accordera un délai raisonnable pour mettre le Contenu de Fans existant en conformité.

10. Droit applicable et dispositions diverses

10.1. La présente Politique est régie par le droit du Commonwealth de Virginie, États-Unis, à l’exclusion de ses règles relatives aux conflits de lois, sauf disposition contraire d’une loi locale impérative.

10.2. Sauf interdiction prévue par la loi applicable, toute action en justice découlant de la présente Politique doit être portée devant les tribunaux de l’État situés dans le comté de Loudoun, en Virginie, ou devant le tribunal fédéral des États-Unis pour le district oriental de Virginie, division d’Alexandria. Vous acceptez la compétence et le ressort de ces tribunaux.

10.3. Si une disposition de la présente Politique est invalide ou inapplicable, les autres dispositions restent en vigueur.

10.4. Le fait que Big Brane n’applique pas une disposition ne constitue pas une renonciation à son droit de l’appliquer ultérieurement.

10.5. Toute exception à la présente Politique doit être autorisée par écrit par Big Brane. Un accord écrit distinct entre vous et Big Brane prévaut dans la mesure où il entre en conflit avec la présente Politique.

11. Nous contacter

Si vous avez des questions sur la présente Politique, souhaitez demander l’autorisation d’une utilisation qu’elle ne couvre pas ou demander à Big Brane de cesser de nouvelles utilisations promotionnelles de votre Contenu de Fans, veuillez nous contacter à l’adresse suivante :
legal@bigbranestudios.com

12. Langue

La version anglaise de la présente Politique est la seule version juridiquement contraignante. Les traductions sont fournies uniquement à titre pratique. En cas d’incohérence, d’ambiguïté ou de conflit entre une traduction et la version anglaise, la version anglaise prévaut.","POLITICA SUI CONTENUTI DEI FAN

Ultimo aggiornamento: 3 agosto 2026

Avviso: Il presente documento può essere tradotto in più lingue per comodità. Le traduzioni possono essere generate automaticamente e contenere inesattezze. La versione inglese giuridicamente vincolante è disponibile all’indirizzo:
https://www.sushiben.com/en/fan-content
In caso di incoerenza, ambiguità o discrepanza, prevarrà la versione inglese.

1. Ambito

La presente Politica sui Contenuti dei Fan (“Politica”) disciplina la creazione e la condivisione di contenuti non ufficiali dei fan basati su Sushi Ben e sulla relativa proprietà intellettuale posseduta o controllata da Big Brane Studios, Inc. (“Big Brane”, “noi”, “ci” o “nostro”).

Apprezziamo la creatività della nostra community e desideriamo sostenere l’espressione dei fan entro regole chiare e ragionevoli. Facendo affidamento sulle autorizzazioni concesse dalla presente Politica, accetti di rispettarla.

2. Definizioni

2.1. “PI di Sushi Ben” indica la proprietà intellettuale posseduta o controllata da Big Brane relativa a Sushi Ben, inclusi personaggi, nomi, luoghi, elementi narrativi, illustrazioni, musica, audio, video, loghi e altri contenuti proprietari.

2.2. “Contenuti dei Fan” indica contenuti originali e non ufficiali creati da te che si basano sulla PI di Sushi Ben o la incorporano, inclusi fan art, fan fiction, cosplay, video, dirette streaming, clip di gioco e opere creative simili.

3. Idoneità e concessione della licenza

3.1. Puoi fare affidamento sulle autorizzazioni concesse dalla presente Politica solo se hai almeno 18 anni e hai raggiunto la maggiore età legale nel luogo in cui vivi.

3.2. A condizione che tu rispetti la presente Politica, Big Brane ti concede una licenza limitata, personale, non esclusiva, revocabile, non trasferibile e non sublicenziabile per creare e condividere Contenuti dei Fan basati sulla PI di Sushi Ben.

3.3. Puoi concedere a una piattaforma online esclusivamente i diritti ragionevolmente necessari, ai sensi delle sue condizioni standard, per ospitare, visualizzare, distribuire o monetizzare i Contenuti dei Fan consentiti dalla presente Politica.

3.4. La presente Politica non trasferisce alcun diritto di proprietà sulla PI di Sushi Ben.

3.5. La presente Politica concede autorizzazioni che si aggiungono ai diritti che potresti avere autonomamente ai sensi della legge applicabile. Non limita né elimina il fair use o altre eccezioni o limitazioni previste dalla legge.

3.6. La presente Politica si applica esclusivamente alla proprietà intellettuale che Big Brane possiede o controlla e che è autorizzata a concedere in licenza. Non concede diritti su materiali di terzi. Sei responsabile di ottenere tutte le necessarie autorizzazioni da terzi. I materiali che compaiono incidentalmente nelle normali registrazioni di gioco restano soggetti ai diritti e alle regole del rispettivo proprietario e della piattaforma applicabile.

4. Usi consentiti

Nel rispetto delle limitazioni della presente Politica, puoi:

4.1. Creare e condividere Contenuti dei Fan.

4.2. Trasmettere in diretta o mostrare pubblicamente Sushi Ben su piattaforme quali Twitch, YouTube o servizi simili.

4.3. Caricare video di gioco, clip, registrazioni, schermate o contenuti simili su piattaforme quali YouTube, TikTok, Twitch o servizi simili.

4.4. Ricavare entrate dai Contenuti dei Fan consentiti mediante:
- pubblicità sulle piattaforme o ricavi da programmi partner;
- abbonamenti, donazioni, iscrizioni ai canali o servizi quali Patreon;
- video o dirette sponsorizzati e link di affiliazione;
- commissioni retribuite per fan art originale o Contenuti dei Fan originali simili; e
- vendita di singoli oggetti unici di Contenuti dei Fan realizzati a mano.

4.5. Sponsorizzazioni, rapporti di affiliazione e altri rapporti commerciali devono essere dichiarati come richiesto dalla legge applicabile e dalle regole della piattaforma. Non devono essere presentati come rapporti con Big Brane o approvazioni da parte di Big Brane.

4.6. I Contenuti dei Fan commissionati o realizzati a mano devono essere una tua opera creativa originale e non devono consistere principalmente in risorse di Sushi Ben copiate o estratte.

4.7. Tutti i Contenuti dei Fan devono indicare chiaramente che non sono ufficiali e che non sono creati, affiliati, sponsorizzati, approvati o sostenuti da Big Brane.

5. Limitazioni

Salvo quanto espressamente consentito dalla Sezione 4, non puoi:

5.1. Vendere, concedere in licenza o sfruttare commercialmente in altro modo i Contenuti dei Fan o la PI di Sushi Ben.

5.2. Produrre in serie, far fabbricare da terzi, utilizzare servizi di stampa su richiesta, vendere all’ingrosso o distribuire commercialmente prodotti sostanzialmente identici che utilizzano la PI di Sushi Ben, oppure mantenere una linea ricorrente di prodotti che utilizza la PI di Sushi Ben.

5.3. Utilizzare il crowdfunding per finanziare la creazione, la fabbricazione o la distribuzione di un prodotto o altro uso vietato dalla presente Politica. Ciò non vieta iscrizioni, donazioni o servizi di sostegno ai creatori consentiti dalla Sezione 4.4.

5.4. Creare o distribuire giochi, mod, applicazioni, software, esperienze interattive o build modificate che utilizzano la PI di Sushi Ben senza previa autorizzazione scritta di Big Brane.

5.5. Estrarre, distribuire o fornire accesso a risorse di gioco autonome o sostanzialmente non modificate, inclusi modelli, texture, illustrazioni, musica, audio, dialoghi, video, filmati, script, codice o altri file di gioco. Questa limitazione non vieta normali registrazioni di gioco, schermate, commenti, recensioni o altri Contenuti dei Fan trasformativi consentiti dalla presente Politica.

5.6. Divulgare, distribuire o utilizzare materiale di Sushi Ben trapelato, ottenuto tramite data mining, riservato o non pubblicato che Big Brane non abbia reso ufficialmente pubblico.

5.7. Rappresentare o suggerire che i Contenuti dei Fan siano ufficiali, creati, approvati, sponsorizzati o sostenuti da Big Brane, oppure affiliati a Big Brane.

5.8. Utilizzare la PI di Sushi Ben come nome commerciale, nome di prodotto o servizio, nome di dominio, nome di applicazione, nome di account social o altro identificativo, o come parte di essi, in modo tale da poter creare confusione sulla relativa origine, sponsorizzazione o affiliazione.

5.9. Utilizzare la PI di Sushi Ben in relazione a contenuti illegali, diffamatori, che incitano all’odio, discriminatori, molesti, sfruttatori o altrimenti dannosi per individui o gruppi.

5.10. Utilizzare la PI di Sushi Ben in modo tale da poter ragionevolmente danneggiare la reputazione di Sushi Ben o Big Brane, incluse rappresentazioni pornografiche, sessualmente sfruttatrici, gravemente offensive, ingannevoli o fuorvianti.

5.11. Utilizzare la PI di Sushi Ben per promuovere, contrastare o esprimere sostegno a partiti politici, candidati, governi, movimenti politici, organizzazioni religiose, dottrine religiose o messaggi religiosi.

5.12. Utilizzare la PI di Sushi Ben in relazione a NFT, criptovalute, asset basati su blockchain o tecnologie simili.

5.13. Utilizzare la PI di Sushi Ben per promuovere pirateria, cheat, accesso non autorizzato, elusione di misure di sicurezza o altro uso improprio di Sushi Ben o dei relativi servizi.

6. Dichiarazione obbligatoria

6.1. Ove ragionevolmente possibile, i Contenuti dei Fan condivisi pubblicamente devono includere la seguente dichiarazione nella descrizione, nei crediti, nel testo di accompagnamento, nel profilo o in altro luogo ragionevolmente visibile:

“Sushi Ben è di proprietà di Big Brane Studios, Inc. Questo è contenuto non ufficiale dei fan e non è creato, affiliato, sponsorizzato o sostenuto da Big Brane Studios.”

6.2. Qualora una piattaforma o un formato non consenta ragionevolmente l’inserimento della dichiarazione completa, devi comunque indicare chiaramente la natura non ufficiale dei Contenuti dei Fan.

7. Proprietà e responsabilità

7.1. Conservi la proprietà dei tuoi contributi originali ai Contenuti dei Fan.

7.2. Big Brane conserva tutti i diritti, i titoli e gli interessi relativi alla PI di Sushi Ben.

7.3. Sei responsabile dei tuoi Contenuti dei Fan, del rispetto delle leggi applicabili e delle regole delle piattaforme e dell’ottenimento dell’autorizzazione per qualsiasi materiale di terzi utilizzato.

7.4. Condividendo pubblicamente i Contenuti dei Fan, concedi a Big Brane una licenza non esclusiva, mondiale e gratuita per riprodurre, mostrare, distribuire, ripubblicare e apportare ragionevoli adattamenti di formato a tali Contenuti dei Fan esclusivamente per promuovere Sushi Ben, Big Brane e la community di Sushi Ben. Big Brane può consentire ai propri fornitori e alle piattaforme online di esercitare tali diritti esclusivamente nella misura necessaria per tali finalità.

7.5. La licenza di cui alla Sezione 7.4 non consente a Big Brane di vendere i tuoi Contenuti dei Fan come prodotto autonomo o di inserirli su prodotti commerciali senza una tua separata autorizzazione. Big Brane indicherà l’attribuzione ove ragionevolmente possibile.

7.6. Puoi chiedere a Big Brane di interrompere nuovi utilizzi promozionali dei tuoi Contenuti dei Fan contattandoci. Big Brane compirà ragionevoli sforzi per soddisfare la richiesta, ma non sarà tenuta a richiamare, distruggere o rimuovere materiali già prodotti, distribuiti o pubblicati.

8. Applicazione e cessazione

8.1. Big Brane può richiedere la rimozione o la modifica dei Contenuti dei Fan, revocare le autorizzazioni concesse dalla presente Politica, disabilitare l’accesso ove possibile o intraprendere azioni legali, se del caso.

8.2. Quando una violazione può essere ragionevolmente corretta e non presenta un problema urgente di natura legale, di sicurezza, reputazionale o relativo a terzi, Big Brane può concedere una ragionevole opportunità per correggerla.

8.3. Big Brane può agire immediatamente quando ritiene ragionevolmente che i Contenuti dei Fan siano illegali, in violazione di diritti, dannosi, fuorvianti in merito a un’affiliazione ufficiale o presentino altrimenti un problema urgente.

8.4. Dopo aver ricevuto comunicazione della revoca dell’autorizzazione per determinati Contenuti dei Fan, devi cessare di creare o distribuire i contenuti interessati e rimuoverli o modificarli entro il periodo indicato nella comunicazione.

8.5. La revoca dell’autorizzazione ai sensi della presente Politica non pregiudica i diritti che non possono essere legalmente limitati, inclusi i diritti di fair use applicabili.

9. Modifiche alla presente Politica

9.1. Possiamo aggiornare periodicamente la presente Politica. La Politica rivista entra in vigore quando viene pubblicata con una nuova data di “Ultimo aggiornamento”.

9.2. Le modifiche sostanziali si applicano per il futuro. Ove ragionevolmente possibile, Big Brane concederà un periodo ragionevole per rendere conformi i Contenuti dei Fan esistenti.

10. Legge applicabile e disposizioni varie

10.1. La presente Politica è disciplinata dalle leggi del Commonwealth della Virginia, Stati Uniti, escluse le relative norme sul conflitto di leggi, salvo quanto diversamente previsto da norme locali inderogabili.

10.2. Salvo ove vietato dalla legge applicabile, le azioni legali derivanti dalla presente Politica devono essere promosse dinanzi ai tribunali statali situati nella contea di Loudoun, Virginia, o presso il Tribunale distrettuale degli Stati Uniti per il Distretto orientale della Virginia, Divisione di Alexandria. Accetti la giurisdizione e la competenza territoriale di tali tribunali.

10.3. Qualora una disposizione della presente Politica sia invalida o inapplicabile, le restanti disposizioni rimarranno in vigore.

10.4. La mancata applicazione di una disposizione da parte di Big Brane non costituisce rinuncia al diritto di applicarla successivamente.

10.5. Qualsiasi eccezione alla presente Politica deve essere autorizzata per iscritto da Big Brane. Un separato accordo scritto tra te e Big Brane prevale nella misura in cui sia in conflitto con la presente Politica.

11. Contatti

Se hai domande sulla presente Politica, desideri richiedere l’autorizzazione per un uso non contemplato o vuoi chiedere a Big Brane di interrompere nuovi utilizzi promozionali dei tuoi Contenuti dei Fan, contatta:
legal@bigbranestudios.com

12. Lingua

La versione inglese della presente Politica è l’unica giuridicamente vincolante. Le traduzioni sono fornite esclusivamente per comodità. In caso di incoerenza, ambiguità o conflitto tra una traduzione e la versione inglese, prevarrà la versione inglese.","POLÍTICA DE CONTEÚDO DE FÃS

Última atualização: 3 de agosto de 2026

Aviso: Este documento pode ser traduzido para vários idiomas por conveniência. As traduções podem ser geradas automaticamente e conter imprecisões. A versão em inglês juridicamente vinculante está disponível em:
https://www.sushiben.com/en/fan-content
Em caso de inconsistência, ambiguidade ou divergência, prevalecerá a versão em inglês.

1. Escopo

Esta Política de Conteúdo de Fãs (“Política”) rege a criação e o compartilhamento de conteúdo de fãs não oficial baseado em Sushi Ben e na propriedade intelectual relacionada que pertence ou é controlada pela Big Brane Studios, Inc. (“Big Brane”, “nós”, “nos” ou “nosso”).

Valorizamos a criatividade da nossa comunidade e queremos apoiar a expressão dos fãs dentro de regras claras e razoáveis. Ao utilizar as permissões concedidas por esta Política, você concorda em cumpri-la.

2. Definições

2.1. “PI de Sushi Ben” significa a propriedade intelectual pertencente ou controlada pela Big Brane relacionada a Sushi Ben, incluindo personagens, nomes, locais, elementos narrativos, ilustrações, música, áudio, vídeo, logotipos e outros conteúdos protegidos.

2.2. “Conteúdo de Fãs” significa conteúdo original e não oficial criado por você que seja baseado na PI de Sushi Ben ou a incorpore, incluindo arte de fãs, fanfics, cosplay, vídeos, transmissões ao vivo, clipes de jogabilidade e obras criativas semelhantes.

3. Elegibilidade e concessão de licença

3.1. Você só poderá utilizar as permissões concedidas por esta Política se tiver pelo menos 18 anos e tiver atingido a maioridade legal no local onde reside.

3.2. Sujeito ao cumprimento desta Política, a Big Brane concede a você uma licença limitada, pessoal, não exclusiva, revogável, intransferível e não sublicenciável para criar e compartilhar Conteúdo de Fãs baseado na PI de Sushi Ben.

3.3. Você poderá conceder a uma plataforma on-line somente os direitos razoavelmente necessários, de acordo com os termos padrão dela, para hospedar, exibir, distribuir ou monetizar Conteúdo de Fãs permitido por esta Política.

3.4. Esta Política não transfere nenhum direito de propriedade sobre a PI de Sushi Ben.

3.5. Esta Política concede permissões adicionais aos direitos que você possa ter de forma independente nos termos da legislação aplicável. Ela não restringe nem elimina o uso justo (“fair use”) ou outras exceções ou limitações legais.

3.6. Esta Política se aplica somente à propriedade intelectual que a Big Brane possui ou controla e tem autoridade para licenciar. Ela não concede direitos sobre materiais de terceiros. Você é responsável por obter todas as permissões necessárias de terceiros. Os materiais que aparecerem incidentalmente em gravações normais de jogabilidade permanecerão sujeitos aos direitos e às regras do respectivo proprietário e da plataforma aplicável.

4. Usos permitidos

Sujeito às restrições desta Política, você poderá:

4.1. Criar e compartilhar Conteúdo de Fãs.

4.2. Transmitir ao vivo ou exibir publicamente Sushi Ben em plataformas como Twitch, YouTube ou serviços semelhantes.

4.3. Enviar vídeos de jogabilidade, clipes, gravações, capturas de tela ou conteúdo semelhante para plataformas como YouTube, TikTok, Twitch ou serviços semelhantes.

4.4. Obter receita com Conteúdo de Fãs permitido por meio de:
- publicidade em plataformas ou receita de programas de parceria;
- assinaturas, doações, associações a canais ou serviços como o Patreon;
- vídeos ou transmissões patrocinados e links de afiliados;
- encomendas pagas de arte de fãs original ou Conteúdo de Fãs original semelhante; e
- venda de itens únicos de Conteúdo de Fãs, feitos individualmente à mão.

4.5. Patrocínios, relações de afiliados e outras relações comerciais devem ser divulgados conforme exigido pela legislação aplicável e pelas regras da plataforma. Eles não poderão ser apresentados como relações com a Big Brane ou endossos da Big Brane.

4.6. O Conteúdo de Fãs encomendado ou feito à mão deve ser uma obra criativa original sua e não poderá consistir principalmente em recursos de Sushi Ben copiados ou extraídos.

4.7. Todo Conteúdo de Fãs deve deixar claro que não é oficial e que não foi criado, afiliado, patrocinado, aprovado ou endossado pela Big Brane.

5. Restrições

Exceto conforme expressamente permitido pela Seção 4, você não poderá:

5.1. Vender, licenciar ou explorar comercialmente de qualquer outra forma o Conteúdo de Fãs ou a PI de Sushi Ben.

5.2. Produzir em massa, contratar terceiros para fabricar, usar serviços de impressão sob demanda, vender por atacado ou distribuir comercialmente produtos substancialmente idênticos que utilizem a PI de Sushi Ben, ou manter uma linha recorrente de produtos que utilize a PI de Sushi Ben.

5.3. Usar financiamento coletivo para financiar a criação, fabricação ou distribuição de um produto ou outro uso proibido por esta Política. Isso não proíbe associações, doações ou serviços de apoio a criadores permitidos pela Seção 4.4.

5.4. Criar ou distribuir jogos, mods, aplicativos, software, experiências interativas ou builds modificadas usando a PI de Sushi Ben sem a autorização prévia e por escrito da Big Brane.

5.5. Extrair, distribuir ou fornecer acesso a recursos de jogo independentes ou substancialmente não modificados, incluindo modelos, texturas, ilustrações, música, áudio, diálogos, vídeos, cenas cinematográficas, scripts, código ou outros arquivos do jogo. Esta restrição não proíbe gravações normais de jogabilidade, capturas de tela, comentários, análises ou outro Conteúdo de Fãs transformativo permitido por esta Política.

5.6. Divulgar, distribuir ou usar material de Sushi Ben vazado, obtido por mineração de dados, confidencial ou não lançado que a Big Brane não tenha tornado oficialmente público.

5.7. Representar ou sugerir que o Conteúdo de Fãs é oficial, criado, aprovado, patrocinado ou endossado pela Big Brane, ou afiliado à Big Brane.

5.8. Usar a PI de Sushi Ben como nome comercial, nome de produto ou serviço, nome de domínio, nome de aplicativo, nome de conta em rede social ou outro identificador, ou como parte deles, de maneira suscetível de causar confusão quanto à origem, patrocínio ou afiliação.

5.9. Usar a PI de Sushi Ben em conexão com conteúdo ilegal, difamatório, de ódio, discriminatório, assediante, explorador ou de outra forma prejudicial a indivíduos ou grupos.

5.10. Usar a PI de Sushi Ben de forma que possa razoavelmente prejudicar a reputação de Sushi Ben ou da Big Brane, incluindo representações pornográficas, sexualmente exploradoras, extremamente ofensivas, enganosas ou deturpadoras.

5.11. Usar a PI de Sushi Ben para promover, opor-se ou expressar apoio a qualquer partido político, candidato, governo, movimento político, organização religiosa, doutrina religiosa ou mensagem religiosa.

5.12. Usar a PI de Sushi Ben em conexão com NFTs, criptomoedas, ativos baseados em blockchain ou tecnologias semelhantes.

5.13. Usar a PI de Sushi Ben para promover pirataria, trapaças, acesso não autorizado, violação de medidas de segurança ou outro uso indevido de Sushi Ben ou de seus serviços.

6. Aviso obrigatório

6.1. Sempre que razoavelmente possível, o Conteúdo de Fãs compartilhado publicamente deve incluir o seguinte aviso na descrição, créditos, texto de acompanhamento, perfil ou outro local razoavelmente visível:

“Sushi Ben é propriedade da Big Brane Studios, Inc. Este é um conteúdo de fãs não oficial e não foi criado, afiliado, patrocinado ou endossado pela Big Brane Studios.”

6.2. Se uma plataforma ou formato não permitir razoavelmente o aviso completo, você ainda deverá deixar clara a natureza não oficial do Conteúdo de Fãs.

7. Propriedade e responsabilidade

7.1. Você mantém a propriedade de suas contribuições originais ao Conteúdo de Fãs.

7.2. A Big Brane mantém todos os direitos, títulos e interesses sobre a PI de Sushi Ben.

7.3. Você é responsável pelo seu Conteúdo de Fãs, pelo cumprimento das leis aplicáveis e das regras da plataforma e pela obtenção de permissão para qualquer material de terceiros que utilizar.

7.4. Ao compartilhar publicamente Conteúdo de Fãs, você concede à Big Brane uma licença não exclusiva, mundial e isenta de royalties para reproduzir, exibir, distribuir, republicar e fazer adaptações razoáveis de formato desse Conteúdo de Fãs exclusivamente para promover Sushi Ben, a Big Brane e a comunidade de Sushi Ben. A Big Brane poderá permitir que seus prestadores de serviços e plataformas on-line exerçam esses direitos somente conforme necessário para essas finalidades.

7.5. A licença da Seção 7.4 não permite que a Big Brane venda seu Conteúdo de Fãs como produto independente ou o coloque em mercadorias sem sua autorização separada. A Big Brane fornecerá atribuição sempre que razoavelmente possível.

7.6. Você poderá pedir à Big Brane que interrompa novos usos promocionais do seu Conteúdo de Fãs entrando em contato conosco. A Big Brane fará esforços razoáveis para atender à solicitação, mas não será obrigada a recolher, destruir ou remover materiais já produzidos, distribuídos ou publicados.

8. Aplicação e rescisão

8.1. A Big Brane poderá solicitar a remoção ou modificação de Conteúdo de Fãs, revogar permissões concedidas por esta Política, desabilitar o acesso quando disponível ou tomar medidas legais quando apropriado.

8.2. Quando uma violação puder ser razoavelmente corrigida e não apresentar uma preocupação jurídica, de segurança, reputacional, urgente ou relacionada a terceiros, a Big Brane poderá oferecer uma oportunidade razoável para corrigi-la.

8.3. A Big Brane poderá agir imediatamente quando acreditar razoavelmente que o Conteúdo de Fãs é ilegal, infrator, prejudicial, enganoso quanto a uma afiliação oficial ou apresenta outra preocupação urgente.

8.4. Após receber notificação de que a permissão foi revogada para determinado Conteúdo de Fãs, você deverá parar de criar ou distribuir o conteúdo afetado e removê-lo ou modificá-lo dentro do prazo indicado na notificação.

8.5. A revogação da permissão nos termos desta Política não afeta direitos que não possam ser legalmente restringidos, incluindo direitos aplicáveis de uso justo.

9. Alterações nesta Política

9.1. Podemos atualizar esta Política periodicamente. Uma Política revisada entra em vigor quando publicada com uma nova data de “Última atualização”.

9.2. Alterações substanciais se aplicam de forma prospectiva. Sempre que razoavelmente possível, a Big Brane concederá um prazo razoável para adequar o Conteúdo de Fãs existente.

10. Lei aplicável e disposições gerais

10.1. Esta Política é regida pelas leis da Commonwealth da Virgínia, Estados Unidos, excluindo suas normas sobre conflitos de leis, salvo quando a legislação local obrigatória dispuser de outra forma.

10.2. Exceto quando proibido pela legislação aplicável, ações judiciais decorrentes desta Política deverão ser propostas nos tribunais estaduais localizados no Condado de Loudoun, Virgínia, ou no Tribunal Distrital dos Estados Unidos para o Distrito Leste da Virgínia, Divisão de Alexandria. Você concorda com a jurisdição e o foro desses tribunais.

10.3. Se alguma disposição desta Política for inválida ou inexequível, as disposições restantes permanecerão em vigor.

10.4. A omissão da Big Brane em fazer cumprir uma disposição não constitui renúncia ao direito de fazê-la cumprir posteriormente.

10.5. Qualquer exceção a esta Política deve ser autorizada por escrito pela Big Brane. Um contrato escrito separado entre você e a Big Brane prevalecerá na medida em que entrar em conflito com esta Política.

11. Fale conosco

Se você tiver dúvidas sobre esta Política, quiser solicitar autorização para um uso não abrangido por ela ou quiser pedir à Big Brane que interrompa novos usos promocionais do seu Conteúdo de Fãs, entre em contato com:
legal@bigbranestudios.com

12. Idioma

A versão em inglês desta Política é a única juridicamente vinculante. As traduções são fornecidas apenas por conveniência. Em caso de inconsistência, ambiguidade ou conflito entre uma tradução e a versão em inglês, prevalecerá a versão em inglês.","ファンコンテンツポリシー

最終更新日：2026年8月3日

注意：本書は便宜上、複数の言語に翻訳される場合があります。翻訳は自動生成されることがあり、不正確な内容を含む可能性があります。法的拘束力を有する英語版は、以下でご確認いただけます。
https://www.sushiben.com/en/fan-content
不一致、曖昧さまたは相違がある場合は、英語版が優先されます。

1. 適用範囲

本ファンコンテンツポリシー（以下「本ポリシー」）は、Sushi BenおよびBig Brane Studios, Inc.（以下「Big Brane」または「当社」）が所有または管理する関連知的財産に基づく非公式のファンコンテンツの作成および共有について定めるものです。

当社はコミュニティの創造性を尊重し、明確かつ合理的なルールのもとでファンの表現活動を支援したいと考えています。本ポリシーに基づく許諾を利用することにより、お客様は本ポリシーを遵守することに同意したものとみなされます。

2. 定義

2.1. 「Sushi Ben IP」とは、キャラクター、名称、場所、物語上の要素、アートワーク、音楽、音声、映像、ロゴおよびその他の専有コンテンツを含む、Sushi Benに関連してBig Braneが所有または管理する知的財産をいいます。

2.2. 「ファンコンテンツ」とは、ファンアート、ファンフィクション、コスプレ、動画、ライブ配信、ゲームプレイクリップおよびこれらに類する創作物を含む、お客様が作成したSushi Ben IPに基づく、またはこれを含む独自の非公式コンテンツをいいます。

3. 利用資格およびライセンスの付与

3.1. お客様が本ポリシーに基づく許諾を利用できるのは、18歳以上であり、かつ居住地における法定成年年齢に達している場合に限ります。

3.2. お客様が本ポリシーを遵守することを条件として、Big Braneはお客様に対し、Sushi Ben IPに基づくファンコンテンツを作成および共有するための、限定的、個人的、非独占的、取消可能、譲渡不能かつ再許諾不能のライセンスを付与します。

3.3. お客様は、本ポリシーで許可されたファンコンテンツをホスト、表示、配信または収益化するために、その標準利用規約上合理的に必要となる権利のみをオンラインプラットフォームに付与できます。

3.4. 本ポリシーは、Sushi Ben IPに関するいかなる所有権も移転するものではありません。

3.5. 本ポリシーは、適用法に基づきお客様が独立して有する権利に加えて許諾を付与するものです。本ポリシーは、フェアユースその他の法定の例外または制限を限定または排除するものではありません。

3.6. 本ポリシーは、Big Braneが所有または管理し、かつライセンスする権限を有する知的財産にのみ適用されます。本ポリシーは第三者の素材に関する権利を付与しません。必要な第三者の許諾を取得する責任はお客様にあります。通常のゲームプレイ録画に付随的に映り込む素材には、該当する権利者およびプラットフォームの権利と規則が引き続き適用されます。

4. 許可される利用

本ポリシーの制限に従うことを条件として、お客様は以下を行うことができます。

4.1. ファンコンテンツを作成し、共有すること。

4.2. Twitch、YouTubeその他これらに類するサービス上でSushi Benをライブ配信し、または公に表示すること。

4.3. YouTube、TikTok、Twitchその他これらに類するサービスに、ゲームプレイ動画、クリップ、録画、スクリーンショットまたは類似コンテンツを投稿すること。

4.4. 許可されたファンコンテンツについて、以下の方法で収益を得ること。
- プラットフォーム広告またはパートナープログラムによる収益
- サブスクリプション、寄付、チャンネルメンバーシップまたはPatreon等のサービス
- スポンサー付き動画もしくは配信、またはアフィリエイトリンク
- 独自のファンアートまたはこれに類する独自のファンコンテンツの有償依頼制作
- 一点ずつ手作りされた一点物のファンコンテンツ商品の販売

4.5. スポンサー関係、アフィリエイト関係その他の商業関係は、適用法およびプラットフォームの規則に従って開示しなければなりません。これらをBig Braneとの関係またはBig Braneによる推奨であるかのように表示してはなりません。

4.6. 依頼制作または手作りのファンコンテンツは、お客様自身による独自の創作物でなければならず、コピーまたは抽出されたSushi Benのアセットを主な内容としてはなりません。

4.7. すべてのファンコンテンツは、非公式であり、Big Braneが作成したものでも、Big Braneと提携し、Big Braneがスポンサー、承認または推奨するものでもないことを明確にしなければなりません。

5. 制限事項

第4条で明示的に許可される場合を除き、お客様は以下を行ってはなりません。

5.1. ファンコンテンツまたはSushi Ben IPを販売、ライセンス供与その他の方法で商業的に利用すること。

5.2. Sushi Ben IPを使用した実質的に同一の製品を大量生産し、第三者に製造させ、オンデマンド印刷、卸売もしくは商業流通し、またはSushi Ben IPを使用した継続的な製品ラインを維持すること。

5.3. 本ポリシーで禁止される製品その他の利用の作成、製造または流通をクラウドファンディングで資金調達すること。ただし、第4.4条で許可されるメンバーシップ、寄付またはクリエイター支援サービスを禁止するものではありません。

5.4. Big Braneの事前の書面による許可なく、Sushi Ben IPを使用したゲーム、MOD、アプリケーション、ソフトウェア、インタラクティブ体験または改変ビルドを作成または配布すること。

5.5. モデル、テクスチャ、アートワーク、音楽、音声、台詞、映像、カットシーン、スクリプト、コードその他のゲームファイルを含む、単独の、または実質的に改変されていないゲームアセットを抽出、配布または提供すること。この制限は、本ポリシーで許可される通常のゲームプレイ録画、スクリーンショット、解説、レビューその他の変容的なファンコンテンツを禁止するものではありません。

5.6. Big Braneが公式に公開していない、漏えいした、データマイニングにより得られた、機密または未公開のSushi Ben素材を開示、配布または使用すること。

5.7. ファンコンテンツが公式、Big Braneが作成、承認、スポンサーもしくは推奨するもの、またはBig Braneと提携するものであると表示し、または示唆すること。

5.8. Sushi Ben IPを、その出所、スポンサー関係または提携関係について混同を生じさせるおそれのある方法で、事業名、製品名、サービス名、ドメイン名、アプリケーション名、ソーシャルメディアアカウント名その他の識別子として、またはその一部として使用すること。

5.9. Sushi Ben IPを、違法、名誉毀損的、憎悪的、差別的、嫌がらせ的、搾取的またはその他個人もしくは集団に有害なコンテンツと関連付けて使用すること。

5.10. ポルノ、性的搾取、著しく不快、欺瞞的または誤解を招く表現を含め、Sushi BenまたはBig Braneの評判を合理的に害するおそれのある方法でSushi Ben IPを使用すること。

5.11. 政党、候補者、政府、政治運動、宗教団体、宗教上の教義または宗教的メッセージを推進し、反対し、または支持を表明するためにSushi Ben IPを使用すること。

5.12. NFT、暗号資産、ブロックチェーンベースの資産または類似技術に関連してSushi Ben IPを使用すること。

5.13. 海賊行為、チート、不正アクセス、セキュリティ対策の回避その他Sushi Benまたはそのサービスの不正利用を助長するためにSushi Ben IPを使用すること。

6. 必須表示

6.1. 合理的に可能な場合、公に共有されるファンコンテンツには、その説明、クレジット、付随する文章、プロフィールその他合理的に見やすい場所に、以下の表示を含めなければなりません。

「Sushi BenはBig Brane Studios, Inc.の財産です。これは非公式のファンコンテンツであり、Big Brane Studiosが作成したものでも、同社と提携し、同社がスポンサーまたは推奨するものでもありません。」

6.2. プラットフォームまたは形式上、表示全文を合理的に掲載できない場合でも、ファンコンテンツが非公式であることを明確にしなければなりません。

7. 所有権および責任

7.1. お客様は、ファンコンテンツにおけるお客様自身の独自の寄与部分について所有権を保持します。

7.2. Big Braneは、Sushi Ben IPに関するすべての権利、権原および利益を保持します。

7.3. お客様は、自らのファンコンテンツ、適用法およびプラットフォーム規則の遵守、ならびに使用する第三者素材の許諾取得について責任を負います。

7.4. ファンコンテンツを公に共有することにより、お客様はBig Braneに対し、Sushi Ben、Big BraneおよびSushi Benコミュニティを宣伝する目的に限り、当該ファンコンテンツを複製、表示、配布、再投稿し、合理的な形式上の調整を行うための、非独占的、全世界的かつロイヤルティフリーのライセンスを付与します。Big Braneは、この目的に必要な範囲に限り、委託先およびオンラインプラットフォームにこれらの権利を行使させることができます。

7.5. 第7.4条のライセンスは、お客様から別途許可を得ることなく、Big Braneがお客様のファンコンテンツを単独の商品として販売し、または商品に使用することを許可するものではありません。Big Braneは、合理的に可能な場合、出典を表示します。

7.6. お客様は当社に連絡することにより、Big Braneに対してファンコンテンツの新たな宣伝利用の停止を求めることができます。Big Braneはその要請に応じるため合理的な努力を行いますが、すでに制作、配布または公開された素材を回収、廃棄または削除する義務を負いません。

8. 執行および終了

8.1. Big Braneは、ファンコンテンツの削除もしくは変更を要求し、本ポリシーに基づく許諾を取り消し、可能な場合はアクセスを無効化し、または適切な場合に法的措置を講じることができます。

8.2. 違反が合理的に是正可能であり、かつ緊急の法的、安全上、評判上または第三者に関する懸念を生じさせない場合、Big Braneは合理的な是正の機会を与えることがあります。

8.3. Big Braneは、ファンコンテンツが違法、権利侵害、有害、公式な提携関係について誤解を招く、またはその他緊急の懸念を生じさせると合理的に判断した場合、直ちに措置を講じることができます。

8.4. 特定のファンコンテンツに関する許諾が取り消された旨の通知を受領した後、お客様は対象コンテンツの作成または配布を中止し、通知に記載された期間内に削除または変更しなければなりません。

8.5. 本ポリシーに基づく許諾の取消しは、適用されるフェアユースの権利を含む、法的に制限できない権利に影響を及ぼしません。

9. 本ポリシーの変更

9.1. 当社は本ポリシーを随時更新することがあります。改訂版は、新しい「最終更新日」とともに掲載された時点で効力を生じます。

9.2. 重要な変更は将来に向かって適用されます。合理的に可能な場合、Big Braneは既存のファンコンテンツを適合させるための合理的な期間を設けます。

10. 準拠法および一般条項

10.1. 本ポリシーは、強行的な現地法に別段の定めがある場合を除き、抵触法の規則を除外した米国バージニア州法に準拠します。

10.2. 適用法で禁止される場合を除き、本ポリシーに起因する法的措置は、バージニア州ラウドン郡所在の州裁判所またはバージニア州東部地区連邦地方裁判所アレクサンドリア支部に提起しなければなりません。お客様は、これらの裁判所の管轄権および裁判地に同意します。

10.3. 本ポリシーのいずれかの条項が無効または執行不能であっても、残りの条項は引き続き有効です。

10.4. Big Braneがある条項を執行しなかった場合でも、後に当該条項を執行する権利を放棄したことにはなりません。

10.5. 本ポリシーの例外は、Big Braneが書面で承認しなければなりません。お客様とBig Braneとの別個の書面による契約は、本ポリシーと矛盾する範囲で優先されます。

11. お問い合わせ

本ポリシーについてのご質問、本ポリシーの対象外となる利用の許可申請、またはBig Braneによるファンコンテンツの新たな宣伝利用の停止要請については、以下までご連絡ください。
legal@bigbranestudios.com

12. 言語

本ポリシーの英語版のみが法的拘束力を有します。翻訳は便宜上提供されるものです。翻訳版と英語版との間に不一致、曖昧さまたは矛盾がある場合、英語版が優先されます。","팬 콘텐츠 정책

최종 업데이트: 2026년 8월 3일

안내: 이 문서는 편의를 위해 여러 언어로 번역될 수 있습니다. 번역은 자동으로 생성될 수 있으며 부정확한 내용이 포함될 수 있습니다. 법적 구속력이 있는 영어 버전은 다음에서 확인할 수 있습니다.
https://www.sushiben.com/en/fan-content
불일치, 모호함 또는 차이가 있는 경우 영어 버전이 우선합니다.

1. 범위

본 팬 콘텐츠 정책(이하 “정책”)은 Sushi Ben 및 Big Brane Studios, Inc.(이하 “Big Brane”, “당사”)가 소유하거나 관리하는 관련 지식재산을 기반으로 한 비공식 팬 콘텐츠의 제작 및 공유에 적용됩니다.

당사는 커뮤니티의 창의성을 존중하며 명확하고 합리적인 지침 안에서 팬들의 표현 활동을 지원하고자 합니다. 본 정책에 따라 부여되는 허가를 이용함으로써 귀하는 본 정책을 준수하는 데 동의합니다.

2. 정의

2.1. “Sushi Ben IP”란 캐릭터, 명칭, 장소, 이야기 요소, 삽화, 음악, 오디오, 비디오, 로고 및 기타 독점 콘텐츠를 포함하여 Sushi Ben과 관련해 Big Brane이 소유하거나 관리하는 지식재산을 의미합니다.

2.2. “팬 콘텐츠”란 팬 아트, 팬 픽션, 코스프레, 동영상, 라이브 스트리밍, 게임 플레이 클립 및 이와 유사한 창작물을 포함하여 귀하가 제작한 Sushi Ben IP 기반의 또는 이를 포함하는 독창적이고 비공식적인 콘텐츠를 의미합니다.

3. 자격 및 라이선스 부여

3.1. 귀하는 만 18세 이상이며 거주지에서 법적 성년 연령에 도달한 경우에만 본 정책에 따라 부여되는 허가를 이용할 수 있습니다.

3.2. 귀하가 본 정책을 준수하는 것을 조건으로 Big Brane은 귀하에게 Sushi Ben IP를 기반으로 팬 콘텐츠를 제작하고 공유할 수 있는 제한적이고 개인적이며 비독점적이고 철회 가능하며 양도 및 재라이선스가 불가능한 라이선스를 부여합니다.

3.3. 귀하는 본 정책에서 허용하는 팬 콘텐츠를 호스팅, 표시, 배포 또는 수익화하기 위해 해당 플랫폼의 표준 약관상 합리적으로 필요한 권리만 온라인 플랫폼에 부여할 수 있습니다.

3.4. 본 정책은 Sushi Ben IP에 대한 어떠한 소유권도 이전하지 않습니다.

3.5. 본 정책은 관련 법률에 따라 귀하가 독립적으로 보유할 수 있는 권리에 추가하여 허가를 부여합니다. 본 정책은 공정 이용 또는 기타 법정 예외나 제한을 제한하거나 배제하지 않습니다.

3.6. 본 정책은 Big Brane이 소유하거나 관리하고 라이선스를 부여할 권한이 있는 지식재산에만 적용됩니다. 본 정책은 제3자 자료에 대한 권리를 부여하지 않습니다. 필요한 제3자 허가를 취득할 책임은 귀하에게 있습니다. 일반적인 게임 플레이 녹화에 부수적으로 나타나는 자료에는 해당 소유자와 플랫폼의 권리 및 규칙이 계속 적용됩니다.

4. 허용되는 이용

본 정책의 제한 사항을 준수하는 조건으로 귀하는 다음 행위를 할 수 있습니다.

4.1. 팬 콘텐츠를 제작하고 공유하는 행위.

4.2. Twitch, YouTube 또는 유사한 서비스에서 Sushi Ben을 라이브 스트리밍하거나 공개적으로 표시하는 행위.

4.3. YouTube, TikTok, Twitch 또는 유사한 서비스에 게임 플레이 동영상, 클립, 녹화물, 스크린샷 또는 유사한 콘텐츠를 업로드하는 행위.

4.4. 다음 방법을 통해 허용된 팬 콘텐츠로 수익을 얻는 행위.
- 플랫폼 광고 또는 파트너 프로그램 수익
- 구독, 기부, 채널 멤버십 또는 Patreon과 같은 서비스
- 후원 동영상 또는 스트리밍 및 제휴 링크
- 독창적인 팬 아트 또는 이와 유사한 독창적인 팬 콘텐츠의 유료 의뢰 제작
- 개별적으로 수작업한 단 하나뿐인 팬 콘텐츠 물품의 판매

4.5. 후원, 제휴 관계 및 기타 상업적 관계는 관련 법률 및 플랫폼 규칙에서 요구하는 대로 공개해야 합니다. 이를 Big Brane과의 관계 또는 Big Brane의 보증으로 표시해서는 안 됩니다.

4.6. 의뢰 제작 또는 수작업 팬 콘텐츠는 귀하의 독창적인 창작물이어야 하며 복사하거나 추출한 Sushi Ben 자산을 주된 내용으로 해서는 안 됩니다.

4.7. 모든 팬 콘텐츠는 비공식적이며 Big Brane이 제작하거나 Big Brane과 제휴하거나 Big Brane이 후원, 승인 또는 보증한 것이 아님을 명확히 해야 합니다.

5. 제한 사항

제4조에서 명시적으로 허용하는 경우를 제외하고 귀하는 다음 행위를 할 수 없습니다.

5.1. 팬 콘텐츠 또는 Sushi Ben IP를 판매, 라이선스하거나 그 밖의 방법으로 상업적으로 이용하는 행위.

5.2. Sushi Ben IP를 사용한 실질적으로 동일한 제품을 대량 생산하거나 제3자에게 제조하게 하거나 주문형 인쇄, 도매 또는 상업적으로 유통하거나 Sushi Ben IP를 사용한 반복적인 제품군을 유지하는 행위.

5.3. 본 정책에서 금지하는 제품 또는 기타 이용의 제작, 제조 또는 유통을 위한 크라우드펀딩을 진행하는 행위. 단, 제4.4조에서 허용하는 멤버십, 기부 또는 창작자 후원 서비스는 금지되지 않습니다.

5.4. Big Brane의 사전 서면 허가 없이 Sushi Ben IP를 사용한 게임, 모드, 애플리케이션, 소프트웨어, 상호작용형 체험 또는 수정된 빌드를 제작하거나 배포하는 행위.

5.5. 모델, 텍스처, 삽화, 음악, 오디오, 대사, 비디오, 컷신, 스크립트, 코드 또는 기타 게임 파일을 포함하여 독립된 형태이거나 실질적으로 수정되지 않은 게임 자산을 추출, 배포하거나 이에 대한 접근을 제공하는 행위. 이 제한은 본 정책에서 허용하는 일반적인 게임 플레이 녹화, 스크린샷, 해설, 리뷰 또는 기타 변형적 팬 콘텐츠를 금지하지 않습니다.

5.6. Big Brane이 공식적으로 공개하지 않은 유출, 데이터 마이닝, 기밀 또는 미출시 Sushi Ben 자료를 공개, 배포 또는 사용하는 행위.

5.7. 팬 콘텐츠가 공식적이거나 Big Brane이 제작, 승인, 후원 또는 보증했거나 Big Brane과 제휴한 것처럼 표시하거나 암시하는 행위.

5.8. Sushi Ben IP를 출처, 후원 또는 제휴 관계에 대해 혼동을 일으킬 가능성이 있는 방식으로 사업체명, 제품명, 서비스명, 도메인명, 애플리케이션명, 소셜 미디어 계정명 또는 기타 식별자의 전부 또는 일부로 사용하는 행위.

5.9. Sushi Ben IP를 불법적이거나 명예를 훼손하거나 혐오적이거나 차별적이거나 괴롭힘, 착취 또는 그 밖에 개인이나 집단에 해로운 콘텐츠와 관련하여 사용하는 행위.

5.10. 음란물, 성적 착취, 심각하게 모욕적이거나 기만적이거나 오해를 유발하는 묘사를 포함하여 Sushi Ben 또는 Big Brane의 평판을 합리적으로 훼손할 수 있는 방식으로 Sushi Ben IP를 사용하는 행위.

5.11. 정당, 후보자, 정부, 정치 운동, 종교 단체, 종교 교리 또는 종교적 메시지를 홍보하거나 반대하거나 지지를 표현하기 위해 Sushi Ben IP를 사용하는 행위.

5.12. NFT, 암호화폐, 블록체인 기반 자산 또는 유사한 기술과 관련하여 Sushi Ben IP를 사용하는 행위.

5.13. 불법 복제, 치트, 무단 접근, 보안 조치 우회 또는 기타 Sushi Ben이나 관련 서비스의 오용을 조장하기 위해 Sushi Ben IP를 사용하는 행위.

6. 필수 고지

6.1. 합리적으로 가능한 경우 공개적으로 공유되는 팬 콘텐츠에는 설명, 크레딧, 첨부 문구, 프로필 또는 그 밖에 합리적으로 눈에 띄는 위치에 다음 고지를 포함해야 합니다.

“Sushi Ben은 Big Brane Studios, Inc.의 재산입니다. 이는 비공식 팬 콘텐츠이며 Big Brane Studios가 제작하거나 Big Brane Studios와 제휴하거나 Big Brane Studios가 후원 또는 보증한 것이 아닙니다.”

6.2. 플랫폼이나 형식상 전체 고지를 합리적으로 포함할 수 없는 경우에도 팬 콘텐츠가 비공식적이라는 점을 명확히 해야 합니다.

7. 소유권 및 책임

7.1. 귀하는 팬 콘텐츠에 대한 귀하의 독창적인 기여 부분의 소유권을 유지합니다.

7.2. Big Brane은 Sushi Ben IP에 대한 모든 권리, 소유권 및 이익을 보유합니다.

7.3. 귀하는 자신의 팬 콘텐츠, 관련 법률 및 플랫폼 규칙 준수, 그리고 사용하는 제3자 자료에 대한 허가 취득에 책임이 있습니다.

7.4. 팬 콘텐츠를 공개적으로 공유함으로써 귀하는 Big Brane에 Sushi Ben, Big Brane 및 Sushi Ben 커뮤니티를 홍보하기 위한 목적으로만 해당 팬 콘텐츠를 복제, 표시, 배포, 재게시하고 합리적인 형식 조정을 할 수 있는 비독점적이고 전 세계적이며 로열티가 없는 라이선스를 부여합니다. Big Brane은 이러한 목적에 필요한 경우에만 계약업체 및 온라인 플랫폼이 해당 권리를 행사하도록 허용할 수 있습니다.

7.5. 제7.4조의 라이선스는 별도의 허가 없이 Big Brane이 귀하의 팬 콘텐츠를 독립된 제품으로 판매하거나 상품에 사용하는 것을 허용하지 않습니다. Big Brane은 합리적으로 가능한 경우 출처를 표시합니다.

7.6. 귀하는 당사에 연락하여 Big Brane이 귀하의 팬 콘텐츠를 새롭게 홍보 목적으로 사용하는 것을 중단하도록 요청할 수 있습니다. Big Brane은 해당 요청을 이행하기 위해 합리적으로 노력하지만 이미 제작, 배포 또는 게시된 자료를 회수, 폐기 또는 삭제할 의무는 없습니다.

8. 집행 및 종료

8.1. Big Brane은 팬 콘텐츠의 삭제 또는 수정을 요청하고, 본 정책에 따라 부여된 허가를 철회하고, 가능한 경우 접근을 차단하거나 적절한 경우 법적 조치를 취할 수 있습니다.

8.2. 위반 사항을 합리적으로 시정할 수 있고 긴급한 법률, 안전, 평판 또는 제3자 관련 우려를 초래하지 않는 경우 Big Brane은 이를 시정할 합리적인 기회를 제공할 수 있습니다.

8.3. Big Brane은 팬 콘텐츠가 불법적이거나 권리를 침해하거나 유해하거나 공식 제휴 관계에 대해 오해를 유발하거나 그 밖에 긴급한 우려를 초래한다고 합리적으로 판단하는 경우 즉시 조치할 수 있습니다.

8.4. 특정 팬 콘텐츠에 대한 허가가 철회되었다는 통지를 받은 후 귀하는 해당 콘텐츠의 제작 또는 배포를 중단하고 통지에 명시된 기간 내에 삭제하거나 수정해야 합니다.

8.5. 본 정책에 따른 허가 철회는 적용 가능한 공정 이용 권리를 포함하여 법적으로 제한할 수 없는 권리에 영향을 미치지 않습니다.

9. 본 정책의 변경

9.1. 당사는 본 정책을 수시로 업데이트할 수 있습니다. 개정된 정책은 새로운 “최종 업데이트” 날짜와 함께 게시되는 즉시 효력이 발생합니다.

9.2. 중대한 변경 사항은 장래에 적용됩니다. 합리적으로 가능한 경우 Big Brane은 기존 팬 콘텐츠를 개정된 정책에 맞출 수 있도록 합리적인 기간을 제공합니다.

10. 준거법 및 기타 조항

10.1. 본 정책은 강행적인 현지 법률에서 달리 정하는 경우를 제외하고 법률 충돌 원칙을 배제한 미국 버지니아주 법률의 적용을 받습니다.

10.2. 관련 법률에서 금지하는 경우를 제외하고 본 정책에서 발생하는 법적 조치는 버지니아주 라우던 카운티 소재 주 법원 또는 버지니아주 동부 연방지방법원 알렉산드리아 지원에 제기해야 합니다. 귀하는 해당 법원의 관할권과 재판지에 동의합니다.

10.3. 본 정책의 조항이 무효이거나 집행 불가능하더라도 나머지 조항은 계속 유효합니다.

10.4. Big Brane이 조항을 집행하지 않더라도 추후 해당 조항을 집행할 권리를 포기하는 것은 아닙니다.

10.5. 본 정책의 예외는 Big Brane이 서면으로 승인해야 합니다. 귀하와 Big Brane 간의 별도 서면 계약은 본 정책과 충돌하는 범위에서 우선합니다.

11. 문의처

본 정책에 대한 질문, 본 정책에서 다루지 않는 이용에 대한 허가 요청 또는 Big Brane에 귀하의 팬 콘텐츠에 대한 새로운 홍보 이용의 중단을 요청하려면 다음으로 연락해 주십시오.
legal@bigbranestudios.com

12. 언어

본 정책의 영어 버전만이 법적 구속력을 갖습니다. 번역은 편의를 위해서만 제공됩니다. 번역본과 영어 버전 사이에 불일치, 모호함 또는 충돌이 있는 경우 영어 버전이 우선합니다.","粉丝内容政策

最后更新：2026年8月3日

注意：为方便阅读，本文件可能被翻译成多种语言。翻译可能由自动工具生成，并可能包含不准确之处。具有法律约束力的英文版本请见：
https://www.sushiben.com/en/fan-content
如有任何不一致、歧义或差异，以英文版本为准。

1. 范围

本粉丝内容政策（“本政策”）适用于基于 Sushi Ben 以及 Big Brane Studios, Inc.（“Big Brane”或“我们”）拥有或控制的相关知识产权而创作和分享的非官方粉丝内容。

我们重视社区的创造力，并希望在明确、合理的规则下支持粉丝表达。依赖本政策授予的许可，即表示您同意遵守本政策。

2. 定义

2.1. “Sushi Ben 知识产权”是指 Big Brane 拥有或控制的与 Sushi Ben 相关的知识产权，包括角色、名称、地点、故事元素、美术、音乐、音频、视频、标识以及其他专有内容。

2.2. “粉丝内容”是指由您创作、基于或包含 Sushi Ben 知识产权的原创非官方内容，包括粉丝美术、同人小说、角色扮演、视频、直播、游戏片段以及类似创作作品。

3. 资格与许可授予

3.1. 只有在您年满18周岁并已达到居住地的法定成年年龄时，您才可以依赖本政策授予的许可。

3.2. 在您遵守本政策的前提下，Big Brane 授予您一项有限、个人、非独占、可撤销、不可转让且不可再许可的许可，以创作和分享基于 Sushi Ben 知识产权的粉丝内容。

3.3. 您只能根据在线平台的标准条款，向该平台授予托管、展示、分发或变现本政策所允许粉丝内容所合理必需的权利。

3.4. 本政策不转让 Sushi Ben 知识产权的任何所有权。

3.5. 本政策授予的许可是在您依据适用法律可能独立享有的权利之外提供的。本政策不限制或排除合理使用或其他法定例外或限制。

3.6. 本政策仅适用于 Big Brane 拥有或控制并有权许可的知识产权。本政策不授予任何第三方材料的权利。您有责任取得所有必要的第三方许可。在正常游戏录像中附带出现的材料仍受相应权利人及平台的权利和规则约束。

4. 允许的使用

在遵守本政策限制的前提下，您可以：

4.1. 创作和分享粉丝内容。

4.2. 在 Twitch、YouTube 或类似服务上直播或以其他方式公开展示 Sushi Ben。

4.3. 将游戏视频、片段、录像、截图或类似内容上传至 YouTube、TikTok、Twitch 或类似服务。

4.4. 通过以下方式从允许的粉丝内容中获得收入：
- 平台广告或合作伙伴计划收入；
- 订阅、捐赠、频道会员或 Patreon 等服务；
- 赞助视频或直播以及联盟营销链接；
- 原创粉丝美术或类似原创粉丝内容的付费委托；以及
- 销售逐件手工制作、独一无二的粉丝内容物品。

4.5. 赞助、联盟关系及其他商业关系必须按照适用法律和平台规则进行披露。不得将其表述为与 Big Brane 的关系或 Big Brane 的认可。

4.6. 接受委托或手工制作的粉丝内容必须是您自己的原创作品，不得主要由复制或提取的 Sushi Ben 素材组成。

4.7. 所有粉丝内容都必须明确说明其为非官方内容，且并非由 Big Brane 创作，不与 Big Brane 存在关联，也未获得 Big Brane 的赞助、批准或认可。

5. 限制

除第4条明确允许的情形外，您不得：

5.1. 出售、许可或以其他方式商业利用粉丝内容或 Sushi Ben 知识产权。

5.2. 对使用 Sushi Ben 知识产权的基本相同产品进行批量生产、委托第三方制造、按需印刷、批发或商业分销，或维持使用 Sushi Ben 知识产权的持续性产品线。

5.3. 使用众筹为本政策禁止的产品或其他用途的创作、制造或分销筹集资金。本条不禁止第4.4条允许的会员、捐赠或创作者支持服务。

5.4. 未经 Big Brane 事先书面许可，创作或分发使用 Sushi Ben 知识产权的游戏、模组、应用程序、软件、互动体验或修改版本。

5.5. 提取、分发或提供对独立或基本未修改的游戏素材的访问，包括模型、纹理、美术、音乐、音频、对话、视频、过场动画、脚本、代码或其他游戏文件。本限制不禁止本政策允许的正常游戏录像、截图、评论、评测或其他具有转换性的粉丝内容。

5.6. 披露、分发或使用 Big Brane 尚未正式公开的泄露、数据挖掘所得、机密或未发布的 Sushi Ben 材料。

5.7. 声称或暗示粉丝内容是官方的、由 Big Brane 创作、批准、赞助或认可的，或与 Big Brane 存在关联。

5.8. 以可能导致他人对来源、赞助或关联关系产生混淆的方式，将 Sushi Ben 知识产权用作企业名称、产品或服务名称、域名、应用程序名称、社交媒体账号名称或其他标识，或作为其中一部分。

5.9. 将 Sushi Ben 知识产权用于违法、诽谤、仇恨、歧视、骚扰、剥削或以其他方式伤害个人或群体的内容。

5.10. 以可能合理损害 Sushi Ben 或 Big Brane 声誉的方式使用 Sushi Ben 知识产权，包括色情、性剥削、严重冒犯、欺骗或误导性描述。

5.11. 使用 Sushi Ben 知识产权宣传、反对或表达对任何政党、候选人、政府、政治运动、宗教组织、宗教教义或宗教信息的支持。

5.12. 将 Sushi Ben 知识产权用于 NFT、加密货币、基于区块链的资产或类似技术。

5.13. 使用 Sushi Ben 知识产权宣传盗版、作弊、未经授权的访问、规避安全措施或其他对 Sushi Ben 或其服务的滥用。

6. 必要声明

6.1. 在合理可行的情况下，公开分享的粉丝内容必须在其说明、署名、随附文字、个人资料或其他合理显眼的位置包含以下声明：

“Sushi Ben 是 Big Brane Studios, Inc. 的财产。这是非官方粉丝内容，并非由 Big Brane Studios 创作，也不与其存在关联，且未获得其赞助或认可。”

6.2. 如果平台或格式无法合理容纳完整声明，您仍须明确说明该粉丝内容的非官方性质。

7. 所有权与责任

7.1. 您保留对粉丝内容中原创贡献部分的所有权。

7.2. Big Brane 保留对 Sushi Ben 知识产权的一切权利、所有权和利益。

7.3. 您应对自己的粉丝内容、遵守适用法律和平台规则，以及取得所用任何第三方材料的许可负责。

7.4. 公开分享粉丝内容即表示您授予 Big Brane 一项非独占、全球范围、免版税的许可，仅为宣传 Sushi Ben、Big Brane 和 Sushi Ben 社区而复制、展示、分发、转发该粉丝内容并对其进行合理的格式调整。Big Brane 只能在实现上述目的所必需的范围内，允许其承包商和在线平台行使这些权利。

7.5. 第7.4条的许可不允许 Big Brane 在未经您另行许可的情况下，将您的粉丝内容作为独立产品出售或用于商品。Big Brane 将在合理可行的情况下注明出处。

7.6. 您可以联系我们，要求 Big Brane 停止将您的粉丝内容用于新的宣传活动。Big Brane 将作出合理努力满足该请求，但无须召回、销毁或删除已经制作、分发或发布的材料。

8. 执行与终止

8.1. Big Brane 可以要求删除或修改粉丝内容、撤销本政策授予的许可、在可行时禁用访问权限，或在适当情况下采取法律行动。

8.2. 如果违规行为可以合理纠正，且不构成紧急的法律、安全、声誉或第三方问题，Big Brane 可以提供合理的纠正机会。

8.3. 如果 Big Brane 合理认为粉丝内容违法、侵权、有害、对官方关联关系具有误导性，或构成其他紧急问题，Big Brane 可以立即采取行动。

8.4. 收到针对特定粉丝内容撤销许可的通知后，您必须停止创作或分发相关内容，并在通知规定的期限内删除或修改该内容。

8.5. 根据本政策撤销许可不影响法律上不得限制的权利，包括适用的合理使用权利。

9. 本政策的变更

9.1. 我们可能不时更新本政策。修订后的政策在附有新的“最后更新”日期并发布时生效。

9.2. 重大变更仅向将来适用。在合理可行的情况下，Big Brane 将为现有粉丝内容提供合理的合规调整期限。

10. 适用法律与其他条款

10.1. 本政策受美国弗吉尼亚州法律管辖，但不适用其法律冲突规则；强制性当地法律另有规定的除外。

10.2. 除适用法律禁止外，因本政策引起的法律诉讼必须向弗吉尼亚州劳登县的州法院，或美国弗吉尼亚东区联邦地区法院亚历山德里亚分院提起。您同意上述法院的管辖权和审判地。

10.3. 如果本政策的任何条款无效或不可执行，其余条款仍然有效。

10.4. Big Brane 未执行某项条款，并不表示放弃日后执行该条款的权利。

10.5. 本政策的任何例外均须经 Big Brane 书面授权。您与 Big Brane 之间的单独书面协议与本政策冲突时，以该协议为准。

11. 联系我们

如果您对本政策有疑问、希望申请本政策未涵盖用途的许可，或希望 Big Brane 停止对您的粉丝内容进行新的宣传使用，请联系：
legal@bigbranestudios.com

12. 语言

本政策的英文版本是唯一具有法律约束力的版本。翻译仅为方便阅读而提供。如翻译版本与英文版本之间存在任何不一致、歧义或冲突，以英文版本为准。","粉絲內容政策

最後更新：2026年8月3日

注意：為方便閱讀，本文件可能被翻譯成多種語言。翻譯可能由自動工具產生，並可能包含不準確之處。具有法律約束力的英文版本請見：
https://www.sushiben.com/en/fan-content
如有任何不一致、歧義或差異，以英文版本為準。

1. 範圍

本粉絲內容政策（「本政策」）適用於基於 Sushi Ben 以及 Big Brane Studios, Inc.（「Big Brane」或「我們」）擁有或控制的相關智慧財產而創作和分享的非官方粉絲內容。

我們重視社群的創造力，並希望在明確、合理的規則下支持粉絲表達。依賴本政策授予的許可，即表示您同意遵守本政策。

2. 定義

2.1. 「Sushi Ben 智慧財產」是指 Big Brane 擁有或控制且與 Sushi Ben 相關的智慧財產，包括角色、名稱、地點、故事元素、美術、音樂、音訊、影片、標誌以及其他專有內容。

2.2. 「粉絲內容」是指由您創作、基於或包含 Sushi Ben 智慧財產的原創非官方內容，包括粉絲美術、同人小說、角色扮演、影片、直播、遊戲片段以及類似創作作品。

3. 資格與許可授予

3.1. 只有在您年滿18歲並已達到居住地的法定成年年齡時，您才可以依賴本政策授予的許可。

3.2. 在您遵守本政策的前提下，Big Brane 授予您一項有限、個人、非專屬、可撤銷、不可轉讓且不可再授權的許可，以創作和分享基於 Sushi Ben 智慧財產的粉絲內容。

3.3. 您只能依照線上平台的標準條款，向該平台授予託管、展示、散布或營利本政策所允許粉絲內容所合理必要的權利。

3.4. 本政策不移轉 Sushi Ben 智慧財產的任何所有權。

3.5. 本政策授予的許可是在您依適用法律可能獨立享有的權利之外提供的。本政策不限制或排除合理使用或其他法定例外或限制。

3.6. 本政策僅適用於 Big Brane 擁有或控制並有權授權的智慧財產。本政策不授予任何第三方素材的權利。您有責任取得所有必要的第三方許可。在正常遊戲錄影中附帶出現的素材，仍受相應權利人及平台的權利和規則約束。

4. 允許的使用

在遵守本政策限制的前提下，您可以：

4.1. 創作和分享粉絲內容。

4.2. 在 Twitch、YouTube 或類似服務上直播或以其他方式公開展示 Sushi Ben。

4.3. 將遊戲影片、片段、錄影、螢幕截圖或類似內容上傳至 YouTube、TikTok、Twitch 或類似服務。

4.4. 透過以下方式從允許的粉絲內容中獲得收入：
- 平台廣告或合作夥伴計畫收入；
- 訂閱、捐贈、頻道會員或 Patreon 等服務；
- 贊助影片或直播以及聯盟行銷連結；
- 原創粉絲美術或類似原創粉絲內容的付費委託；以及
- 銷售逐件手工製作、獨一無二的粉絲內容物品。

4.5. 贊助、聯盟關係及其他商業關係必須依適用法律和平台規則揭露。不得將其表述為與 Big Brane 的關係或 Big Brane 的認可。

4.6. 接受委託或手工製作的粉絲內容必須是您自己的原創作品，不得主要由複製或擷取的 Sushi Ben 素材組成。

4.7. 所有粉絲內容都必須明確說明其為非官方內容，且並非由 Big Brane 創作，不與 Big Brane 存在關聯，也未獲得 Big Brane 的贊助、批准或認可。

5. 限制

除第4條明確允許的情形外，您不得：

5.1. 出售、授權或以其他方式商業利用粉絲內容或 Sushi Ben 智慧財產。

5.2. 對使用 Sushi Ben 智慧財產的基本相同產品進行大量生產、委託第三方製造、按需印刷、批發或商業散布，或維持使用 Sushi Ben 智慧財產的持續性產品線。

5.3. 使用群眾募資為本政策禁止的產品或其他用途的創作、製造或散布籌集資金。本條不禁止第4.4條允許的會員、捐贈或創作者支持服務。

5.4. 未經 Big Brane 事先書面許可，創作或散布使用 Sushi Ben 智慧財產的遊戲、模組、應用程式、軟體、互動體驗或修改版本。

5.5. 擷取、散布或提供對獨立或基本未修改的遊戲素材的存取，包括模型、材質、美術、音樂、音訊、對話、影片、過場動畫、腳本、程式碼或其他遊戲檔案。本限制不禁止本政策允許的正常遊戲錄影、螢幕截圖、評論、評測或其他具有轉化性的粉絲內容。

5.6. 揭露、散布或使用 Big Brane 尚未正式公開的洩漏、資料探勘所得、機密或未發布的 Sushi Ben 素材。

5.7. 聲稱或暗示粉絲內容是官方的、由 Big Brane 創作、批准、贊助或認可的，或與 Big Brane 存在關聯。

5.8. 以可能導致他人對來源、贊助或關聯關係產生混淆的方式，將 Sushi Ben 智慧財產用作企業名稱、產品或服務名稱、網域名稱、應用程式名稱、社群媒體帳號名稱或其他識別標誌，或作為其中一部分。

5.9. 將 Sushi Ben 智慧財產用於違法、誹謗、仇恨、歧視、騷擾、剝削或以其他方式傷害個人或群體的內容。

5.10. 以可能合理損害 Sushi Ben 或 Big Brane 聲譽的方式使用 Sushi Ben 智慧財產，包括色情、性剝削、嚴重冒犯、欺騙或誤導性描述。

5.11. 使用 Sushi Ben 智慧財產宣傳、反對或表達對任何政黨、候選人、政府、政治運動、宗教組織、宗教教義或宗教訊息的支持。

5.12. 將 Sushi Ben 智慧財產用於 NFT、加密貨幣、基於區塊鏈的資產或類似技術。

5.13. 使用 Sushi Ben 智慧財產宣傳盜版、作弊、未經授權的存取、規避安全措施或其他對 Sushi Ben 或其服務的濫用。

6. 必要聲明

6.1. 在合理可行的情況下，公開分享的粉絲內容必須在其說明、署名、隨附文字、個人資料或其他合理顯眼的位置包含以下聲明：

「Sushi Ben 是 Big Brane Studios, Inc. 的財產。這是非官方粉絲內容，並非由 Big Brane Studios 創作，也不與其存在關聯，且未獲得其贊助或認可。」

6.2. 如果平台或格式無法合理容納完整聲明，您仍須明確說明該粉絲內容的非官方性質。

7. 所有權與責任

7.1. 您保留對粉絲內容中原創貢獻部分的所有權。

7.2. Big Brane 保留對 Sushi Ben 智慧財產的一切權利、所有權和利益。

7.3. 您應對自己的粉絲內容、遵守適用法律和平台規則，以及取得所用任何第三方素材的許可負責。

7.4. 公開分享粉絲內容即表示您授予 Big Brane 一項非專屬、全球性、免權利金的許可，僅為宣傳 Sushi Ben、Big Brane 和 Sushi Ben 社群而重製、展示、散布、轉貼該粉絲內容並對其進行合理的格式調整。Big Brane 只能在實現上述目的所必要的範圍內，允許其承包商和線上平台行使這些權利。

7.5. 第7.4條的許可不允許 Big Brane 在未經您另行許可的情況下，將您的粉絲內容作為獨立產品出售或用於商品。Big Brane 將在合理可行的情況下註明出處。

7.6. 您可以聯絡我們，要求 Big Brane 停止將您的粉絲內容用於新的宣傳活動。Big Brane 將作出合理努力滿足該要求，但無須召回、銷毀或刪除已經製作、散布或發布的素材。

8. 執行與終止

8.1. Big Brane 可以要求刪除或修改粉絲內容、撤銷本政策授予的許可、在可行時停用存取權限，或在適當情況下採取法律行動。

8.2. 如果違規行為可以合理改正，且不構成緊急的法律、安全、聲譽或第三方問題，Big Brane 可以提供合理的改正機會。

8.3. 如果 Big Brane 合理認為粉絲內容違法、侵權、有害、對官方關聯關係具有誤導性，或構成其他緊急問題，Big Brane 可以立即採取行動。

8.4. 收到針對特定粉絲內容撤銷許可的通知後，您必須停止創作或散布相關內容，並在通知規定的期限內刪除或修改該內容。

8.5. 根據本政策撤銷許可不影響法律上不得限制的權利，包括適用的合理使用權利。

9. 本政策的變更

9.1. 我們可能不時更新本政策。修訂後的政策在附有新的「最後更新」日期並發布時生效。

9.2. 重大變更僅向將來適用。在合理可行的情況下，Big Brane 將為現有粉絲內容提供合理的合規調整期限。

10. 準據法與其他條款

10.1. 本政策受美國維吉尼亞州法律管轄，但不適用其法律衝突規則；強制性當地法律另有規定者除外。

10.2. 除適用法律禁止外，因本政策引起的法律訴訟必須向維吉尼亞州勞登郡的州法院，或美國維吉尼亞東區聯邦地區法院亞歷山德里亞分院提起。您同意上述法院的管轄權和審判地。

10.3. 如果本政策的任何條款無效或不可執行，其餘條款仍然有效。

10.4. Big Brane 未執行某項條款，並不表示放棄日後執行該條款的權利。

10.5. 本政策的任何例外均須經 Big Brane 書面授權。您與 Big Brane 之間的單獨書面協議與本政策衝突時，以該協議為準。

11. 聯絡我們

如果您對本政策有疑問、希望申請本政策未涵蓋用途的許可，或希望 Big Brane 停止對您的粉絲內容進行新的宣傳使用，請聯絡：
legal@bigbranestudios.com

12. 語言

本政策的英文版本是唯一具有法律約束力的版本。翻譯僅為方便閱讀而提供。如翻譯版本與英文版本之間存在任何不一致、歧義或衝突，以英文版本為準。"
